liability_id,account_id,customer_id,amount,interest_rate,liability_type,maturity_date
1,1,315,41244.00,11.00,Overdraft,"2026-07-21 00:00:00"
2,1,96,34867.00,7.00,Overdraft,"2029-11-25 00:00:00"
3,1,50,7887.00,12.00,Overdraft,"2027-05-15 00:00:00"
4,1,314,20162.00,8.00,Overdraft,"2026-04-21 00:00:00"
5,1,95,15927.00,11.00,Loan,"2026-05-11 00:00:00"
6,1,49,18905.00,15.00,Credit,"2031-02-03 00:00:00"
7,1,313,33484.00,9.00,Credit,"2026-11-20 00:00:00"
8,1,94,42891.00,16.00,Credit,"2029-02-08 00:00:00"
9,1,48,38637.00,5.00,Overdraft,"2027-01-26 00:00:00"
10,1,312,17272.00,6.00,Credit,"2028-07-12 00:00:00"
11,1,93,33815.00,18.00,Credit,"2029-04-27 00:00:00"
12,1,47,38560.00,18.00,Loan,"2027-03-23 00:00:00"
13,1,311,26289.00,18.00,Loan,"2029-01-11 00:00:00"
14,1,92,32991.00,12.00,Credit,"2028-06-19 00:00:00"
15,1,46,25460.00,6.00,Overdraft,"2029-01-29 00:00:00"
16,1,310,49826.00,7.00,Overdraft,"2030-01-24 00:00:00"
17,1,91,17032.00,9.00,Credit,"2028-06-21 00:00:00"
18,1,45,45250.00,5.00,Credit,"2026-10-07 00:00:00"
19,1,309,30133.00,13.00,Loan,"2030-10-02 00:00:00"
20,1,90,9503.00,6.00,Loan,"2026-08-08 00:00:00"
21,1,44,7826.00,11.00,Overdraft,"2029-09-02 00:00:00"
22,1,308,3801.00,7.00,Overdraft,"2028-10-31 00:00:00"
23,1,89,8936.00,8.00,Credit,"2027-11-23 00:00:00"
24,1,43,46166.00,12.00,Overdraft,"2028-07-29 00:00:00"
25,1,307,50370.00,12.00,Credit,"2028-07-07 00:00:00"
26,1,88,26650.00,7.00,Credit,"2027-03-25 00:00:00"
27,1,42,50198.00,9.00,Credit,"2030-11-09 00:00:00"
28,1,306,48483.00,19.00,Overdraft,"2030-01-04 00:00:00"
29,1,87,2736.00,18.00,Loan,"2031-03-08 00:00:00"
30,1,41,50349.00,19.00,Overdraft,"2026-03-26 00:00:00"
31,1,305,37092.00,13.00,Overdraft,"2027-03-29 00:00:00"
32,1,86,33338.00,14.00,Loan,"2029-12-02 00:00:00"
33,1,40,19655.00,14.00,Loan,"2027-12-10 00:00:00"
34,1,304,30438.00,18.00,Overdraft,"2031-02-20 00:00:00"
35,1,85,37237.00,14.00,Loan,"2029-06-25 00:00:00"
36,1,39,45964.00,12.00,Overdraft,"2026-10-09 00:00:00"
37,1,303,38599.00,11.00,Overdraft,"2030-10-17 00:00:00"
38,1,84,5415.00,15.00,Loan,"2030-01-30 00:00:00"
39,1,38,19954.00,13.00,Overdraft,"2030-03-05 00:00:00"
40,1,302,44740.00,19.00,Loan,"2029-07-14 00:00:00"
41,1,83,18536.00,16.00,Overdraft,"2027-10-17 00:00:00"
42,1,37,23195.00,8.00,Overdraft,"2027-01-11 00:00:00"
43,1,301,43518.00,16.00,Loan,"2030-08-13 00:00:00"
44,1,82,37166.00,19.00,Overdraft,"2028-06-07 00:00:00"
45,1,36,12081.00,16.00,Loan,"2029-03-02 00:00:00"
46,1,300,22317.00,10.00,Credit,"2027-12-06 00:00:00"
47,1,81,15300.00,10.00,Loan,"2028-02-09 00:00:00"
48,1,35,29315.00,15.00,Overdraft,"2029-07-07 00:00:00"
49,1,299,4829.00,10.00,Overdraft,"2028-10-29 00:00:00"
50,1,80,21041.00,11.00,Overdraft,"2028-04-22 00:00:00"
51,1,34,14998.00,7.00,Overdraft,"2030-04-22 00:00:00"
52,1,298,29244.00,10.00,Loan,"2028-08-15 00:00:00"
53,1,79,4978.00,19.00,Credit,"2029-03-13 00:00:00"
54,1,33,27771.00,18.00,Overdraft,"2027-10-13 00:00:00"
55,1,297,11353.00,6.00,Overdraft,"2030-04-23 00:00:00"
56,1,78,33835.00,17.00,Loan,"2027-01-21 00:00:00"
57,1,32,24835.00,18.00,Overdraft,"2026-04-20 00:00:00"
58,1,77,16810.00,12.00,Overdraft,"2030-01-20 00:00:00"
59,1,31,43448.00,18.00,Loan,"2030-02-19 00:00:00"
60,1,296,30209.00,13.00,Loan,"2028-12-11 00:00:00"
61,1,295,31384.00,10.00,Loan,"2028-09-24 00:00:00"
62,1,294,7068.00,6.00,Loan,"2026-11-06 00:00:00"
63,1,293,21447.00,14.00,Loan,"2027-10-26 00:00:00"
64,1,292,22879.00,8.00,Overdraft,"2027-07-11 00:00:00"
65,1,291,49387.00,5.00,Loan,"2028-09-02 00:00:00"
66,1,290,25586.00,19.00,Credit,"2026-09-11 00:00:00"
67,1,289,14739.00,6.00,Credit,"2029-05-06 00:00:00"
68,1,288,22172.00,8.00,Overdraft,"2029-11-03 00:00:00"
69,1,287,50318.00,16.00,Overdraft,"2029-08-01 00:00:00"
70,1,76,2402.00,6.00,Credit,"2026-05-05 00:00:00"
71,1,30,37073.00,12.00,Credit,"2029-10-06 00:00:00"
72,1,286,10541.00,17.00,Credit,"2026-10-04 00:00:00"
73,1,285,1908.00,16.00,Overdraft,"2028-03-07 00:00:00"
74,1,284,39881.00,15.00,Loan,"2029-12-20 00:00:00"
75,1,283,13683.00,5.00,Loan,"2028-01-23 00:00:00"
76,1,282,2038.00,19.00,Overdraft,"2028-06-03 00:00:00"
77,1,281,29713.00,13.00,Overdraft,"2027-05-31 00:00:00"
78,1,280,15689.00,16.00,Overdraft,"2030-12-20 00:00:00"
79,1,279,13828.00,11.00,Credit,"2028-06-08 00:00:00"
80,1,278,11272.00,15.00,Overdraft,"2026-05-05 00:00:00"
81,1,277,35261.00,10.00,Credit,"2027-07-30 00:00:00"
82,1,75,20583.00,7.00,Credit,"2026-07-11 00:00:00"
83,1,29,43101.00,5.00,Credit,"2029-12-21 00:00:00"
84,1,276,5380.00,7.00,Credit,"2028-11-19 00:00:00"
85,1,275,43370.00,14.00,Credit,"2026-07-16 00:00:00"
86,1,274,29365.00,14.00,Credit,"2028-07-28 00:00:00"
87,1,273,48168.00,9.00,Credit,"2027-09-28 00:00:00"
88,1,272,32309.00,8.00,Loan,"2027-01-16 00:00:00"
89,1,271,19330.00,9.00,Credit,"2029-11-11 00:00:00"
90,1,270,2493.00,19.00,Overdraft,"2028-10-11 00:00:00"
91,1,269,28618.00,8.00,Credit,"2028-07-06 00:00:00"
92,1,268,3286.00,17.00,Loan,"2030-05-10 00:00:00"
93,1,267,48061.00,8.00,Loan,"2029-01-25 00:00:00"
94,1,74,7969.00,19.00,Credit,"2028-03-01 00:00:00"
95,1,28,29489.00,15.00,Credit,"2027-04-16 00:00:00"
96,1,266,8416.00,6.00,Loan,"2029-12-07 00:00:00"
97,1,265,37135.00,10.00,Overdraft,"2028-03-09 00:00:00"
98,1,264,44634.00,7.00,Loan,"2029-09-23 00:00:00"
99,1,263,40730.00,17.00,Overdraft,"2030-10-01 00:00:00"
100,1,262,44117.00,13.00,Loan,"2030-08-07 00:00:00"
101,1,261,22085.00,12.00,Loan,"2026-04-01 00:00:00"
102,1,260,40710.00,19.00,Credit,"2030-06-21 00:00:00"
103,1,259,13886.00,15.00,Overdraft,"2026-11-11 00:00:00"
104,1,258,4587.00,19.00,Credit,"2026-09-24 00:00:00"
105,1,257,37592.00,10.00,Credit,"2028-12-16 00:00:00"
106,1,73,11529.00,10.00,Credit,"2029-03-26 00:00:00"
107,1,27,48542.00,19.00,Overdraft,"2027-10-05 00:00:00"
108,1,256,5384.00,12.00,Loan,"2030-01-10 00:00:00"
109,1,255,3966.00,5.00,Overdraft,"2026-12-09 00:00:00"
110,1,254,13268.00,16.00,Loan,"2029-02-14 00:00:00"
111,1,253,18890.00,5.00,Loan,"2028-05-20 00:00:00"
112,1,252,43712.00,19.00,Loan,"2027-12-21 00:00:00"
113,1,251,2196.00,5.00,Loan,"2030-11-18 00:00:00"
114,1,250,1657.00,8.00,Loan,"2028-07-06 00:00:00"
115,1,249,29486.00,11.00,Credit,"2029-05-14 00:00:00"
116,1,248,18675.00,18.00,Loan,"2030-02-22 00:00:00"
117,1,247,6394.00,7.00,Credit,"2027-03-18 00:00:00"
118,1,72,19700.00,8.00,Loan,"2027-05-14 00:00:00"
119,1,26,28305.00,5.00,Credit,"2028-10-16 00:00:00"
120,1,246,2128.00,13.00,Overdraft,"2030-11-14 00:00:00"
121,1,245,26244.00,15.00,Loan,"2027-11-06 00:00:00"
122,1,244,18332.00,16.00,Overdraft,"2027-04-14 00:00:00"
123,1,243,1441.00,10.00,Overdraft,"2028-12-31 00:00:00"
124,1,242,48564.00,6.00,Credit,"2028-05-17 00:00:00"
125,1,241,29735.00,13.00,Loan,"2030-08-18 00:00:00"
126,1,240,4706.00,15.00,Credit,"2029-02-08 00:00:00"
127,1,239,44691.00,14.00,Credit,"2029-06-07 00:00:00"
128,1,238,36978.00,14.00,Loan,"2029-08-19 00:00:00"
129,1,237,2747.00,6.00,Credit,"2026-04-30 00:00:00"
130,1,71,36073.00,11.00,Loan,"2031-02-22 00:00:00"
131,1,25,39624.00,18.00,Loan,"2026-11-01 00:00:00"
132,1,236,8148.00,10.00,Loan,"2027-06-02 00:00:00"
133,1,235,24235.00,13.00,Credit,"2026-10-04 00:00:00"
134,1,234,41889.00,16.00,Loan,"2028-01-16 00:00:00"
135,1,233,43902.00,7.00,Credit,"2027-05-08 00:00:00"
136,1,232,4628.00,15.00,Loan,"2030-01-27 00:00:00"
137,1,231,20600.00,14.00,Loan,"2026-10-21 00:00:00"
138,1,230,30169.00,13.00,Loan,"2028-08-25 00:00:00"
139,1,229,18616.00,9.00,Credit,"2027-01-08 00:00:00"
140,1,228,30610.00,12.00,Credit,"2028-07-06 00:00:00"
141,1,227,30357.00,13.00,Overdraft,"2027-08-01 00:00:00"
142,1,70,22241.00,9.00,Loan,"2026-12-28 00:00:00"
143,1,24,8967.00,9.00,Loan,"2029-11-14 00:00:00"
144,1,226,13314.00,5.00,Credit,"2030-12-30 00:00:00"
145,1,225,29381.00,19.00,Loan,"2029-03-30 00:00:00"
146,1,224,38491.00,18.00,Credit,"2026-07-07 00:00:00"
147,1,223,11541.00,18.00,Overdraft,"2030-11-28 00:00:00"
148,1,222,30060.00,6.00,Credit,"2026-06-17 00:00:00"
149,1,221,15008.00,8.00,Credit,"2027-06-01 00:00:00"
150,1,220,2090.00,10.00,Overdraft,"2026-07-07 00:00:00"
151,1,219,40387.00,16.00,Credit,"2029-10-28 00:00:00"
152,1,218,22726.00,19.00,Overdraft,"2028-07-05 00:00:00"
153,1,217,12668.00,16.00,Loan,"2029-09-04 00:00:00"
154,1,69,43613.00,7.00,Loan,"2026-08-05 00:00:00"
155,1,23,22360.00,18.00,Loan,"2028-05-22 00:00:00"
156,1,216,26066.00,7.00,Credit,"2029-12-13 00:00:00"
157,1,215,18487.00,12.00,Credit,"2029-11-25 00:00:00"
158,1,214,18851.00,13.00,Overdraft,"2026-08-07 00:00:00"
159,1,213,7556.00,11.00,Overdraft,"2027-05-08 00:00:00"
160,1,212,3886.00,13.00,Overdraft,"2027-11-12 00:00:00"
161,1,211,10065.00,18.00,Loan,"2027-09-27 00:00:00"
162,1,210,26692.00,14.00,Overdraft,"2028-11-05 00:00:00"
163,1,209,29116.00,8.00,Credit,"2028-10-09 00:00:00"
164,1,208,13904.00,16.00,Overdraft,"2029-01-24 00:00:00"
165,1,207,49785.00,7.00,Overdraft,"2030-07-28 00:00:00"
166,1,68,39029.00,7.00,Credit,"2028-11-24 00:00:00"
167,1,22,43510.00,14.00,Credit,"2027-01-21 00:00:00"
168,1,206,1550.00,13.00,Overdraft,"2030-03-01 00:00:00"
169,1,205,46396.00,7.00,Loan,"2030-12-30 00:00:00"
170,1,204,27430.00,16.00,Loan,"2030-09-08 00:00:00"
171,1,203,39540.00,7.00,Credit,"2026-04-11 00:00:00"
172,1,202,29503.00,17.00,Loan,"2027-04-16 00:00:00"
173,1,201,6088.00,17.00,Overdraft,"2027-11-18 00:00:00"
174,1,200,37677.00,14.00,Loan,"2028-11-15 00:00:00"
175,1,199,19120.00,8.00,Overdraft,"2026-12-16 00:00:00"
176,1,198,45455.00,19.00,Loan,"2028-09-12 00:00:00"
177,1,197,31585.00,13.00,Overdraft,"2026-11-22 00:00:00"
178,1,67,40987.00,13.00,Credit,"2030-07-17 00:00:00"
179,1,21,39405.00,8.00,Overdraft,"2029-07-04 00:00:00"
180,1,196,35227.00,11.00,Loan,"2028-03-22 00:00:00"
181,1,195,30314.00,15.00,Overdraft,"2026-05-15 00:00:00"
182,1,194,33523.00,7.00,Overdraft,"2029-04-07 00:00:00"
183,1,193,31991.00,8.00,Credit,"2028-06-16 00:00:00"
184,1,192,46807.00,8.00,Credit,"2027-05-22 00:00:00"
185,1,191,2790.00,12.00,Loan,"2029-12-20 00:00:00"
186,1,190,4701.00,6.00,Loan,"2027-08-31 00:00:00"
187,1,189,25473.00,13.00,Credit,"2027-03-31 00:00:00"
188,1,188,45524.00,17.00,Credit,"2030-05-20 00:00:00"
189,1,187,40549.00,11.00,Overdraft,"2030-12-14 00:00:00"
190,1,66,9952.00,5.00,Overdraft,"2027-08-04 00:00:00"
191,1,20,18067.00,18.00,Credit,"2026-10-31 00:00:00"
192,1,186,29943.00,12.00,Overdraft,"2029-08-25 00:00:00"
193,1,185,46217.00,11.00,Credit,"2028-02-27 00:00:00"
194,1,184,16264.00,10.00,Overdraft,"2027-03-24 00:00:00"
195,1,183,24189.00,15.00,Loan,"2028-12-13 00:00:00"
196,1,182,18479.00,6.00,Credit,"2030-11-18 00:00:00"
197,1,181,17989.00,18.00,Credit,"2028-09-28 00:00:00"
198,1,180,12650.00,14.00,Credit,"2029-02-05 00:00:00"
199,1,179,20862.00,8.00,Loan,"2028-09-27 00:00:00"
200,1,178,20300.00,11.00,Overdraft,"2027-01-25 00:00:00"
201,1,177,12344.00,14.00,Credit,"2026-12-17 00:00:00"
202,1,65,28821.00,9.00,Overdraft,"2030-08-05 00:00:00"
203,1,19,24778.00,16.00,Loan,"2027-02-04 00:00:00"
204,1,176,3553.00,15.00,Credit,"2026-07-13 00:00:00"
205,1,175,50634.00,16.00,Overdraft,"2031-02-15 00:00:00"
206,1,174,18679.00,17.00,Loan,"2029-01-31 00:00:00"
207,1,173,44684.00,14.00,Credit,"2030-12-16 00:00:00"
208,1,172,2830.00,9.00,Credit,"2029-08-03 00:00:00"
209,1,171,40534.00,18.00,Loan,"2028-02-16 00:00:00"
210,1,170,12871.00,5.00,Credit,"2026-12-11 00:00:00"
211,1,169,20728.00,12.00,Credit,"2029-09-03 00:00:00"
212,1,168,6266.00,11.00,Overdraft,"2027-01-28 00:00:00"
213,1,167,9506.00,9.00,Loan,"2029-05-24 00:00:00"
214,1,64,42080.00,7.00,Credit,"2030-09-21 00:00:00"
215,1,18,2650.00,11.00,Loan,"2028-06-16 00:00:00"
216,1,166,39543.00,12.00,Loan,"2028-07-07 00:00:00"
217,1,165,37681.00,9.00,Loan,"2026-12-30 00:00:00"
218,1,164,10695.00,12.00,Overdraft,"2030-12-10 00:00:00"
219,1,163,5213.00,13.00,Credit,"2028-04-15 00:00:00"
220,1,162,10942.00,16.00,Loan,"2027-12-05 00:00:00"
221,1,161,20115.00,18.00,Loan,"2028-12-06 00:00:00"
222,1,160,2239.00,12.00,Credit,"2027-10-21 00:00:00"
223,1,159,27687.00,15.00,Overdraft,"2029-02-04 00:00:00"
224,1,158,4576.00,14.00,Overdraft,"2029-03-07 00:00:00"
225,1,157,16123.00,15.00,Overdraft,"2028-04-26 00:00:00"
226,1,63,48795.00,12.00,Overdraft,"2030-08-16 00:00:00"
227,1,17,19745.00,8.00,Overdraft,"2027-04-20 00:00:00"
228,1,156,9454.00,7.00,Credit,"2029-02-13 00:00:00"
229,1,155,32544.00,11.00,Loan,"2028-04-10 00:00:00"
230,1,154,35868.00,8.00,Loan,"2030-09-02 00:00:00"
231,1,153,5793.00,16.00,Overdraft,"2026-09-10 00:00:00"
232,1,152,20767.00,15.00,Loan,"2026-09-26 00:00:00"
233,1,151,42947.00,18.00,Overdraft,"2029-07-06 00:00:00"
234,1,150,37959.00,15.00,Loan,"2028-10-10 00:00:00"
235,1,149,30441.00,10.00,Loan,"2030-12-28 00:00:00"
236,1,148,5780.00,14.00,Overdraft,"2030-07-03 00:00:00"
237,1,147,5887.00,18.00,Loan,"2028-09-20 00:00:00"
238,1,62,40120.00,11.00,Credit,"2026-08-18 00:00:00"
239,1,16,23599.00,5.00,Overdraft,"2027-11-12 00:00:00"
240,1,146,33696.00,9.00,Credit,"2027-02-01 00:00:00"
241,1,145,35383.00,18.00,Credit,"2029-07-16 00:00:00"
242,1,144,46146.00,12.00,Overdraft,"2029-10-01 00:00:00"
243,1,143,1099.00,18.00,Credit,"2027-12-09 00:00:00"
244,1,142,28138.00,15.00,Overdraft,"2029-05-29 00:00:00"
245,1,141,1580.00,7.00,Credit,"2030-02-19 00:00:00"
246,1,140,2014.00,16.00,Credit,"2031-02-21 00:00:00"
247,1,139,1790.00,6.00,Credit,"2027-07-20 00:00:00"
248,1,138,40039.00,6.00,Loan,"2028-02-20 00:00:00"
249,1,137,27589.00,12.00,Overdraft,"2031-01-14 00:00:00"
250,1,61,9102.00,18.00,Loan,"2028-11-10 00:00:00"
251,1,15,26292.00,19.00,Loan,"2031-01-16 00:00:00"
252,1,136,19998.00,19.00,Overdraft,"2027-01-19 00:00:00"
253,1,135,18856.00,9.00,Loan,"2029-11-10 00:00:00"
254,1,134,37058.00,11.00,Overdraft,"2027-04-23 00:00:00"
255,1,133,22687.00,12.00,Loan,"2029-03-28 00:00:00"
256,1,132,19197.00,19.00,Overdraft,"2028-08-01 00:00:00"
257,1,131,36026.00,6.00,Loan,"2026-10-24 00:00:00"
258,1,130,41186.00,14.00,Overdraft,"2027-09-10 00:00:00"
259,1,129,47806.00,16.00,Loan,"2027-07-28 00:00:00"
260,1,128,50391.00,6.00,Credit,"2030-01-30 00:00:00"
261,1,127,1105.00,15.00,Credit,"2031-02-16 00:00:00"
262,1,60,36336.00,13.00,Overdraft,"2026-10-01 00:00:00"
263,1,14,13011.00,18.00,Credit,"2029-04-20 00:00:00"
264,1,126,8715.00,18.00,Loan,"2029-12-18 00:00:00"
265,1,125,24478.00,6.00,Loan,"2030-11-22 00:00:00"
266,1,124,29299.00,5.00,Credit,"2030-06-09 00:00:00"
267,1,123,6047.00,19.00,Credit,"2029-07-04 00:00:00"
268,1,122,39854.00,18.00,Loan,"2027-02-05 00:00:00"
269,1,121,19187.00,9.00,Loan,"2029-12-26 00:00:00"
270,1,120,42099.00,17.00,Overdraft,"2026-11-16 00:00:00"
271,1,119,25087.00,5.00,Credit,"2030-08-06 00:00:00"
272,1,118,33953.00,14.00,Loan,"2029-03-09 00:00:00"
273,1,117,3050.00,11.00,Overdraft,"2028-09-24 00:00:00"
274,1,59,34983.00,18.00,Credit,"2027-02-05 00:00:00"
275,1,13,41108.00,12.00,Overdraft,"2028-03-10 00:00:00"
276,1,116,5756.00,9.00,Loan,"2030-04-01 00:00:00"
277,1,115,33570.00,17.00,Loan,"2028-06-30 00:00:00"
278,1,114,37369.00,8.00,Loan,"2030-04-17 00:00:00"
279,1,113,37567.00,8.00,Overdraft,"2028-08-01 00:00:00"
280,1,112,47608.00,8.00,Credit,"2026-10-13 00:00:00"
281,1,111,25663.00,6.00,Loan,"2027-03-24 00:00:00"
282,1,110,35340.00,17.00,Loan,"2029-12-14 00:00:00"
283,1,109,32201.00,18.00,Credit,"2030-01-14 00:00:00"
284,1,108,21537.00,16.00,Credit,"2028-02-17 00:00:00"
285,1,107,18056.00,13.00,Overdraft,"2031-02-12 00:00:00"
286,1,58,37779.00,15.00,Credit,"2031-03-09 00:00:00"
287,1,12,34726.00,10.00,Overdraft,"2027-08-25 00:00:00"
288,1,106,40152.00,5.00,Overdraft,"2027-11-01 00:00:00"
289,1,105,48424.00,16.00,Overdraft,"2029-01-06 00:00:00"
290,1,104,46170.00,17.00,Credit,"2029-07-15 00:00:00"
291,1,103,3274.00,8.00,Overdraft,"2027-08-08 00:00:00"
292,1,102,22262.00,9.00,Loan,"2030-11-08 00:00:00"
293,1,101,9952.00,6.00,Overdraft,"2029-02-06 00:00:00"
294,1,100,49329.00,6.00,Credit,"2028-12-07 00:00:00"
295,1,99,2928.00,13.00,Credit,"2029-01-28 00:00:00"
296,1,98,47777.00,19.00,Overdraft,"2030-11-04 00:00:00"
297,1,97,39484.00,5.00,Loan,"2030-06-14 00:00:00"
298,1,57,12286.00,13.00,Loan,"2027-12-05 00:00:00"
299,1,11,4854.00,10.00,Credit,"2028-12-02 00:00:00"
300,1,56,9084.00,7.00,Credit,"2028-08-16 00:00:00"
301,1,10,11587.00,14.00,Credit,"2026-11-29 00:00:00"
302,1,55,27645.00,8.00,Credit,"2027-08-24 00:00:00"
303,1,9,32895.00,9.00,Overdraft,"2028-12-14 00:00:00"
304,1,54,32941.00,13.00,Overdraft,"2028-01-18 00:00:00"
305,1,8,23276.00,6.00,Loan,"2031-01-27 00:00:00"
306,1,53,4532.00,11.00,Overdraft,"2028-02-26 00:00:00"
307,1,7,8202.00,13.00,Loan,"2030-10-30 00:00:00"
308,1,52,35189.00,14.00,Loan,"2030-07-21 00:00:00"
309,1,6,44667.00,16.00,Loan,"2028-11-08 00:00:00"
310,1,51,9685.00,9.00,Overdraft,"2028-08-20 00:00:00"
311,1,5,43148.00,16.00,Loan,"2031-01-01 00:00:00"
312,1,4,4387.00,11.00,Loan,"2026-05-29 00:00:00"
313,1,3,48870.00,14.00,Credit,"2027-06-15 00:00:00"
314,1,2,46295.00,16.00,Loan,"2028-11-27 00:00:00"
315,1,1,9926.00,9.00,Overdraft,"2027-07-01 00:00:00"
316,2,315,43670.00,12.00,Overdraft,"2031-02-20 00:00:00"
317,2,96,14122.00,10.00,Overdraft,"2029-12-23 00:00:00"
318,2,50,45744.00,8.00,Credit,"2026-12-15 00:00:00"
319,2,314,35359.00,19.00,Overdraft,"2028-01-06 00:00:00"
320,2,95,12059.00,5.00,Credit,"2026-09-14 00:00:00"
321,2,49,11279.00,15.00,Loan,"2030-11-14 00:00:00"
322,2,313,30947.00,7.00,Loan,"2027-06-30 00:00:00"
323,2,94,40483.00,7.00,Credit,"2031-01-11 00:00:00"
324,2,48,17929.00,16.00,Overdraft,"2028-04-02 00:00:00"
325,2,312,9656.00,14.00,Credit,"2028-02-18 00:00:00"
326,2,93,48734.00,14.00,Loan,"2027-04-10 00:00:00"
327,2,47,22759.00,12.00,Credit,"2027-03-23 00:00:00"
328,2,311,47878.00,6.00,Credit,"2029-03-30 00:00:00"
329,2,92,17994.00,18.00,Credit,"2026-11-24 00:00:00"
330,2,46,32908.00,16.00,Overdraft,"2028-06-03 00:00:00"
331,2,310,19069.00,12.00,Loan,"2026-05-04 00:00:00"
332,2,91,14184.00,8.00,Credit,"2027-07-26 00:00:00"
333,2,45,9644.00,5.00,Overdraft,"2028-04-09 00:00:00"
334,2,309,47983.00,11.00,Credit,"2030-11-20 00:00:00"
335,2,90,16187.00,15.00,Credit,"2031-02-20 00:00:00"
336,2,44,4660.00,11.00,Overdraft,"2030-02-08 00:00:00"
337,2,308,26490.00,8.00,Credit,"2030-08-20 00:00:00"
338,2,89,47573.00,19.00,Loan,"2030-12-20 00:00:00"
339,2,43,11096.00,7.00,Loan,"2027-06-06 00:00:00"
340,2,307,41497.00,9.00,Loan,"2030-02-02 00:00:00"
341,2,88,23801.00,19.00,Credit,"2031-02-09 00:00:00"
342,2,42,41742.00,6.00,Loan,"2029-05-14 00:00:00"
343,2,306,28605.00,17.00,Credit,"2029-07-09 00:00:00"
344,2,87,19521.00,17.00,Loan,"2028-02-14 00:00:00"
345,2,41,17979.00,13.00,Overdraft,"2030-10-24 00:00:00"
346,2,305,24749.00,14.00,Credit,"2027-06-18 00:00:00"
347,2,86,21619.00,9.00,Loan,"2029-01-28 00:00:00"
348,2,40,49894.00,7.00,Overdraft,"2030-11-13 00:00:00"
349,2,304,1648.00,8.00,Loan,"2029-04-14 00:00:00"
350,2,85,12932.00,10.00,Overdraft,"2030-12-31 00:00:00"
351,2,39,41347.00,7.00,Credit,"2027-09-18 00:00:00"
352,2,303,23529.00,10.00,Credit,"2030-07-15 00:00:00"
353,2,84,10561.00,10.00,Loan,"2030-11-24 00:00:00"
354,2,38,5709.00,14.00,Overdraft,"2030-12-19 00:00:00"
355,2,302,41928.00,8.00,Overdraft,"2030-06-21 00:00:00"
356,2,83,7932.00,6.00,Loan,"2030-03-02 00:00:00"
357,2,37,13737.00,18.00,Overdraft,"2030-06-22 00:00:00"
358,2,301,8467.00,7.00,Credit,"2030-03-15 00:00:00"
359,2,82,30528.00,13.00,Overdraft,"2027-08-21 00:00:00"
360,2,36,24458.00,12.00,Loan,"2029-05-05 00:00:00"
361,2,300,5550.00,13.00,Credit,"2027-02-26 00:00:00"
362,2,81,11568.00,12.00,Overdraft,"2028-09-13 00:00:00"
363,2,35,7397.00,7.00,Loan,"2026-11-25 00:00:00"
364,2,299,39149.00,10.00,Overdraft,"2027-08-19 00:00:00"
365,2,80,18159.00,17.00,Loan,"2029-11-25 00:00:00"
366,2,34,46582.00,10.00,Overdraft,"2029-12-15 00:00:00"
367,2,298,45817.00,8.00,Credit,"2029-03-06 00:00:00"
368,2,79,31394.00,8.00,Credit,"2028-06-05 00:00:00"
369,2,33,46152.00,7.00,Loan,"2028-04-14 00:00:00"
370,2,297,26471.00,9.00,Overdraft,"2030-08-29 00:00:00"
371,2,78,30413.00,9.00,Credit,"2026-06-04 00:00:00"
372,2,32,26680.00,11.00,Credit,"2030-08-19 00:00:00"
373,2,77,26776.00,18.00,Loan,"2028-07-25 00:00:00"
374,2,31,12344.00,15.00,Overdraft,"2027-12-22 00:00:00"
375,2,296,4414.00,9.00,Loan,"2026-10-29 00:00:00"
376,2,295,3325.00,17.00,Loan,"2027-01-27 00:00:00"
377,2,294,22030.00,13.00,Credit,"2028-08-23 00:00:00"
378,2,293,26086.00,5.00,Overdraft,"2028-05-12 00:00:00"
379,2,292,2165.00,17.00,Loan,"2029-08-22 00:00:00"
380,2,291,18598.00,15.00,Credit,"2026-04-22 00:00:00"
381,2,290,42942.00,6.00,Loan,"2027-11-08 00:00:00"
382,2,289,11758.00,6.00,Overdraft,"2029-05-25 00:00:00"
383,2,288,43936.00,10.00,Loan,"2028-03-30 00:00:00"
384,2,287,6901.00,10.00,Credit,"2027-07-20 00:00:00"
385,2,76,47403.00,17.00,Credit,"2028-02-04 00:00:00"
386,2,30,39392.00,15.00,Loan,"2031-01-18 00:00:00"
387,2,286,10932.00,6.00,Overdraft,"2030-08-17 00:00:00"
388,2,285,48085.00,5.00,Credit,"2026-06-12 00:00:00"
389,2,284,46879.00,11.00,Credit,"2031-01-13 00:00:00"
390,2,283,23868.00,10.00,Credit,"2029-06-10 00:00:00"
391,2,282,28776.00,17.00,Credit,"2031-03-14 00:00:00"
392,2,281,25971.00,12.00,Overdraft,"2028-06-23 00:00:00"
393,2,280,16308.00,7.00,Overdraft,"2026-07-01 00:00:00"
394,2,279,29058.00,14.00,Credit,"2028-04-05 00:00:00"
395,2,278,35023.00,7.00,Overdraft,"2028-07-12 00:00:00"
396,2,277,48408.00,10.00,Overdraft,"2027-12-08 00:00:00"
397,2,75,6273.00,12.00,Loan,"2026-12-12 00:00:00"
398,2,29,19830.00,11.00,Loan,"2030-12-31 00:00:00"
399,2,276,32786.00,9.00,Credit,"2026-07-12 00:00:00"
400,2,275,28305.00,13.00,Loan,"2029-02-22 00:00:00"
401,2,274,42281.00,10.00,Credit,"2029-03-02 00:00:00"
402,2,273,48901.00,5.00,Loan,"2030-06-17 00:00:00"
403,2,272,37438.00,6.00,Loan,"2026-05-08 00:00:00"
404,2,271,19441.00,16.00,Overdraft,"2026-09-14 00:00:00"
405,2,270,24916.00,6.00,Loan,"2030-06-22 00:00:00"
406,2,269,10645.00,11.00,Credit,"2030-11-30 00:00:00"
407,2,268,22215.00,9.00,Loan,"2026-09-16 00:00:00"
408,2,267,46763.00,9.00,Credit,"2027-08-20 00:00:00"
409,2,74,29339.00,19.00,Loan,"2031-01-01 00:00:00"
410,2,28,14446.00,11.00,Credit,"2027-01-29 00:00:00"
411,2,266,17707.00,7.00,Overdraft,"2027-03-20 00:00:00"
412,2,265,42381.00,12.00,Loan,"2027-07-14 00:00:00"
413,2,264,41703.00,9.00,Overdraft,"2030-02-25 00:00:00"
414,2,263,10352.00,13.00,Loan,"2029-03-13 00:00:00"
415,2,262,12079.00,9.00,Overdraft,"2028-09-19 00:00:00"
416,2,261,43779.00,16.00,Loan,"2026-07-17 00:00:00"
