loan_id,customer_id,branch_id,loan_type,loan_amount,interest_rate,loan_start_date,loan_end_date,emi_amount,outstanding_balance,collateral,loan_status
1,214,31,Business,4462276.78,9.00,"2025-07-17 12:12:32","2026-09-17 12:12:32",336953.05,4462276.78,NULL,Approved
2,226,29,Business,2406182.77,14.17,"2023-02-01 05:23:11","2026-09-01 05:23:11",71684.13,2406182.77,NULL,Pending
3,275,11,Education,78178.51,9.46,"2026-02-13 12:33:16","2031-03-13 12:33:16",1619.32,78178.51,NULL,Defaulted
4,185,44,Personal,72657.34,14.61,"2024-08-15 14:05:40","2026-12-15 14:05:40",3077.90,72657.34,NULL,Approved
5,154,11,Business,2218445.37,10.99,"2023-09-27 12:04:53","2030-12-27 12:04:53",37103.60,2218445.37,NULL,Approved
6,241,21,Business,1159159.24,9.40,"2025-08-04 04:37:33","2031-01-04 04:37:33",22825.15,1159159.24,NULL,Pending
7,287,33,Education,912386.47,14.72,"2022-08-03 04:43:05","2024-03-03 04:43:05",54126.10,912386.47,NULL,Disbursed
8,54,5,Education,615219.63,9.96,"2022-05-28 11:11:29","2025-05-28 11:11:29",19839.86,615219.63,NULL,Pending
9,110,16,Other,962302.89,13.83,"2022-04-05 10:51:00","2025-02-05 10:51:00",34370.25,962302.89,NULL,Closed
10,36,13,Personal,267294.00,6.52,"2025-12-20 15:04:26","2028-12-20 15:04:26",8194.73,267294.00,NULL,Approved
11,163,45,Business,643345.05,14.92,"2024-07-16 00:06:29","2034-01-16 00:06:29",10587.17,643345.05,NULL,Approved
12,68,27,Home,4442841.53,11.56,"2023-12-10 19:44:17","2038-01-10 19:44:17",53355.87,4442841.53,NULL,Disbursed
13,238,25,Education,399393.22,8.13,"2022-09-24 03:46:25","2024-01-24 03:46:25",26423.84,399393.22,NULL,Defaulted
14,192,21,Personal,418696.24,13.20,"2024-07-08 23:54:36","2026-08-08 23:54:36",19247.46,418696.24,NULL,Disbursed
15,11,34,Vehicle,1998875.09,14.93,"2021-11-19 08:11:53","2026-09-19 08:11:53",48585.68,1998875.09,NULL,Pending
16,107,22,Education,407491.55,14.13,"2024-12-31 23:08:50","2027-11-30 23:08:50",14273.50,407491.55,NULL,Defaulted
17,53,34,Vehicle,1379335.00,6.94,"2023-11-02 15:46:56","2027-01-02 15:46:56",40537.28,1379335.00,NULL,Closed
18,162,36,Other,828382.09,8.05,"2021-10-07 05:30:53","2025-10-07 05:30:53",20242.67,828382.09,NULL,Pending
19,218,29,Personal,164009.62,14.42,"2022-04-10 02:13:47","2025-06-10 02:13:47",5401.64,164009.62,NULL,Disbursed
20,250,2,Business,4540591.19,9.55,"2025-02-09 04:18:59","2028-11-09 04:18:59",120442.64,4540591.19,NULL,Approved
21,252,12,Education,555366.77,14.24,"2025-05-09 19:41:58","2031-03-09 19:41:58",11724.41,555366.77,NULL,Defaulted
22,114,46,Personal,211177.90,9.63,"2023-08-17 16:51:18","2026-11-17 16:51:18",6327.82,211177.90,NULL,Pending
23,41,28,Business,642149.11,12.33,"2021-02-27 16:33:39","2026-04-27 16:33:39",14055.58,642149.11,NULL,Closed
24,274,3,Home,798320.30,9.23,"2021-07-28 18:04:04","2038-06-28 18:04:04",7783.49,798320.30,NULL,Approved
25,175,14,Personal,245603.60,6.24,"2025-11-03 19:50:48","2028-10-03 19:50:48",7693.35,245603.60,NULL,Closed
26,28,5,Personal,131422.86,12.45,"2025-10-30 04:40:50","2026-05-30 04:40:50",19561.89,131422.86,NULL,Approved
27,126,32,Vehicle,1549535.43,11.11,"2024-12-10 10:22:39","2028-04-10 10:22:39",46530.20,1549535.43,NULL,Approved
28,37,12,Other,903639.91,12.45,"2024-04-25 02:25:51","2029-04-25 02:25:51",20307.06,903639.91,NULL,Pending
29,271,27,Business,3140889.71,10.83,"2026-02-12 05:11:15","2036-04-12 05:11:15",42573.10,3140889.71,NULL,Defaulted
30,273,38,Other,712963.12,13.63,"2023-12-05 14:43:47","2025-05-05 14:43:47",46355.26,712963.12,NULL,Defaulted
31,161,9,Other,741248.50,13.67,"2025-11-13 21:18:52","2026-12-13 21:18:52",61668.88,741248.50,NULL,Closed
32,224,47,Personal,431480.85,7.95,"2025-11-19 14:57:57","2027-12-19 14:57:57",18784.93,431480.85,NULL,Pending
33,10,46,Business,4497603.69,8.77,"2023-11-10 15:50:17","2033-08-10 15:50:17",57322.26,4497603.69,NULL,Pending
34,22,28,Vehicle,897724.67,10.89,"2025-06-20 00:36:03","2028-08-20 00:36:03",28037.40,897724.67,NULL,Closed
35,264,3,Business,1025580.42,7.98,"2025-09-29 03:28:55","2034-02-28 03:28:55",13975.69,1025580.42,NULL,Approved
36,189,19,Vehicle,624148.98,6.65,"2025-11-23 06:13:18","2029-06-23 06:13:18",16353.12,624148.98,NULL,Pending
37,287,34,Personal,468701.89,9.99,"2022-02-01 18:21:31","2023-11-01 18:21:31",24419.47,468701.89,NULL,Closed
38,226,35,Business,3360359.59,13.41,"2023-04-17 05:22:11","2026-04-17 05:22:11",113888.54,3360359.59,NULL,Pending
39,145,39,Education,846026.87,10.37,"2025-08-09 18:36:40","2031-02-09 18:36:40",16873.59,846026.87,NULL,Closed
40,28,48,Other,238779.39,7.22,"2022-10-13 16:29:20","2024-04-13 16:29:20",14036.64,238779.39,NULL,Disbursed
41,133,31,Home,2397232.68,8.80,"2023-06-30 18:12:44","2034-04-30 18:12:44",28668.66,2397232.68,NULL,Approved
42,186,31,Home,1645736.19,11.52,"2022-09-26 11:21:22","2033-09-26 11:21:22",22044.99,1645736.19,NULL,Defaulted
43,163,25,Business,1011939.92,8.56,"2023-06-02 11:44:16","2025-03-02 11:44:16",52058.29,1011939.92,NULL,Approved
44,65,13,Business,4934325.59,10.91,"2025-01-28 17:04:08","2033-09-28 17:04:08",73559.38,4934325.59,NULL,Closed
45,18,49,Business,2967490.87,12.34,"2024-10-10 17:47:47","2034-07-10 17:47:47",43724.86,2967490.87,NULL,Closed
46,34,43,Personal,387648.97,10.45,"2023-01-10 10:19:20","2024-02-10 10:19:20",31668.39,387648.97,NULL,Defaulted
47,268,9,Vehicle,1028255.67,6.45,"2025-03-03 08:10:51","2029-08-03 08:10:51",22347.26,1028255.67,NULL,Defaulted
48,24,26,Vehicle,606776.89,13.05,"2021-11-10 13:09:09","2023-10-10 13:09:09",29960.80,606776.89,NULL,Disbursed
49,125,4,Home,2355861.15,7.07,"2023-12-27 01:03:05","2036-01-27 01:03:05",24208.63,2355861.15,NULL,Disbursed
50,300,9,Personal,363883.01,7.54,"2024-08-07 05:15:33","2027-05-07 05:15:33",12243.92,363883.01,NULL,Approved
51,50,34,Home,2130967.38,14.93,"2024-03-16 07:21:54","2046-08-16 07:21:54",27500.92,2130967.38,NULL,Closed
52,149,19,Business,706581.85,12.85,"2025-10-18 07:23:01","2033-06-18 07:23:01",12112.64,706581.85,NULL,Pending
53,228,2,Education,342845.25,13.72,"2024-11-09 04:05:57","2027-08-09 04:05:57",12530.72,342845.25,NULL,Closed
54,266,46,Other,317260.69,11.48,"2022-03-21 22:21:59","2024-04-21 22:21:59",14328.75,317260.69,NULL,Pending
55,311,26,Education,867236.90,8.91,"2025-02-13 21:54:51","2026-04-13 21:54:51",65450.36,867236.90,NULL,Closed
56,228,23,Business,1975845.60,9.25,"2025-12-21 16:19:33","2035-02-21 16:19:33",26706.13,1975845.60,NULL,Pending
57,12,33,Other,359969.73,13.83,"2022-02-14 13:23:16","2024-12-14 13:23:16",12856.92,359969.73,NULL,Approved
58,83,3,Business,664665.09,14.68,"2022-09-25 05:12:17","2030-10-25 05:12:17",11740.81,664665.09,NULL,Pending
59,225,50,Vehicle,632638.85,13.49,"2022-08-04 05:56:03","2025-05-04 05:56:03",23052.53,632638.85,NULL,Closed
60,257,32,Other,198640.73,14.90,"2025-07-13 17:21:32","2029-02-13 17:21:32",5989.96,198640.73,NULL,Defaulted
61,236,42,Personal,244187.29,14.80,"2025-11-18 10:07:14","2028-02-18 10:07:14",10688.36,244187.29,NULL,Pending
62,184,14,Vehicle,1718484.34,14.36,"2022-03-24 13:27:37","2023-08-24 13:27:37",112319.54,1718484.34,NULL,Defaulted
63,34,2,Other,510057.87,12.12,"2025-06-10 13:28:39","2026-02-10 13:28:39",66688.97,510057.87,NULL,Pending
64,182,41,Education,642326.73,10.43,"2023-09-30 14:36:15","2027-08-30 14:36:15",16705.99,642326.73,NULL,Closed
65,5,46,Vehicle,359111.65,6.56,"2025-11-28 01:15:02","2027-01-28 01:15:02",26714.94,359111.65,NULL,Closed
66,166,13,Other,563543.95,6.40,"2024-12-03 04:10:18","2028-10-03 04:10:18",13847.60,563543.95,NULL,Approved
67,98,37,Vehicle,1339200.24,12.61,"2022-10-04 00:11:48","2026-11-04 00:11:48",35108.43,1339200.24,NULL,Closed
68,211,48,Business,4420925.69,6.63,"2023-10-29 02:06:15","2032-02-29 02:06:15",57659.95,4420925.69,NULL,Pending
69,140,30,Education,468719.31,8.66,"2021-09-08 23:12:08","2023-06-08 23:12:08",24134.25,468719.31,NULL,Approved
70,184,25,Education,891414.97,13.95,"2025-05-26 10:48:39","2030-02-26 10:48:39",21475.78,891414.97,NULL,Pending
71,158,44,Vehicle,354358.72,6.91,"2021-06-21 21:46:09","2023-05-21 21:46:09",16493.92,354358.72,NULL,Closed
72,125,36,Other,155762.75,12.94,"2026-01-02 02:31:14","2029-11-02 02:31:14",4312.97,155762.75,NULL,Defaulted
73,59,19,Vehicle,533702.14,13.65,"2021-06-29 13:57:09","2025-03-29 13:57:09",15219.20,533702.14,NULL,Pending
74,208,19,Vehicle,1980646.52,10.07,"2025-07-12 17:11:50","2027-09-12 17:11:50",85109.07,1980646.52,NULL,Defaulted
75,302,24,Education,112080.82,10.11,"2025-10-22 01:05:19","2027-03-22 01:05:19",7104.08,112080.82,NULL,Disbursed
76,147,36,Business,3518637.32,13.95,"2024-03-18 16:19:30","2029-03-18 16:19:30",81781.35,3518637.32,NULL,Defaulted
77,81,2,Home,550049.88,8.86,"2022-01-21 09:36:49","2038-01-21 09:36:49",5368.83,550049.88,NULL,Disbursed
78,143,23,Personal,436331.08,13.77,"2025-07-07 09:32:34","2028-03-07 09:32:34",16368.88,436331.08,NULL,Disbursed
79,166,45,Other,672689.79,8.18,"2022-03-12 00:46:45","2024-03-12 00:46:45",30479.19,672689.79,NULL,Closed
80,262,20,Other,167850.63,12.99,"2021-05-04 19:12:34","2025-02-04 19:12:34",4731.73,167850.63,NULL,Disbursed
81,122,46,Education,498747.85,10.70,"2024-02-08 10:58:35","2026-01-08 10:58:35",24080.42,498747.85,NULL,Approved
82,308,20,Education,319498.38,12.07,"2023-03-19 08:00:58","2026-10-19 08:00:58",9189.20,319498.38,NULL,Pending
83,73,17,Personal,158759.30,6.56,"2022-05-10 00:46:49","2024-08-10 00:46:49",6340.62,158759.30,NULL,Pending
84,112,40,Education,586876.27,13.92,"2021-09-04 07:59:58","2026-03-04 07:59:58",14685.93,586876.27,NULL,Pending
85,163,17,Home,3428067.32,8.94,"2023-12-28 02:10:37","2042-07-28 02:10:37",31570.89,3428067.32,NULL,Closed
86,266,16,Business,4004765.34,13.27,"2025-08-26 08:31:31","2033-08-26 08:31:31",67915.36,4004765.34,NULL,Approved
87,26,36,Vehicle,1544573.01,11.21,"2023-06-14 17:57:37","2027-01-14 17:57:37",43781.75,1544573.01,NULL,Disbursed
88,8,20,Vehicle,1035280.33,7.69,"2025-04-01 05:37:28","2028-06-01 05:37:28",30782.70,1035280.33,NULL,Closed
89,152,35,Vehicle,1341155.00,6.79,"2024-01-15 11:08:14","2027-02-15 11:08:14",40276.16,1341155.00,NULL,Pending
90,133,22,Other,205968.18,14.80,"2022-06-07 02:14:56","2025-08-07 02:14:56",6821.96,205968.18,NULL,Approved
91,168,3,Education,538811.22,14.05,"2021-05-16 23:01:10","2026-12-16 23:01:10",11649.14,538811.22,NULL,Pending
92,21,27,Education,672035.97,9.12,"2022-01-24 17:18:18","2026-11-24 17:18:18",14370.85,672035.97,NULL,Closed
93,302,16,Other,596215.89,7.98,"2023-04-07 12:53:55","2025-12-07 12:53:55",20746.07,596215.89,NULL,Pending
94,171,37,Personal,304281.51,10.10,"2023-05-16 00:21:47","2025-08-16 00:21:47",12645.82,304281.51,NULL,Pending
95,135,48,Personal,77844.19,6.11,"2024-06-01 01:22:39","2027-07-01 01:22:39",2313.63,77844.19,NULL,Approved
96,285,25,Home,2021866.24,13.16,"2024-01-06 05:52:39","2048-03-06 05:52:39",23152.44,2021866.24,NULL,Defaulted
97,173,9,Home,4687964.04,6.47,"2025-02-21 13:15:34","2039-06-21 13:15:34",41887.87,4687964.04,NULL,Approved
98,131,16,Personal,106612.44,10.18,"2024-06-19 19:07:08","2027-10-19 19:07:08",3154.23,106612.44,NULL,Disbursed
99,139,8,Personal,482262.60,10.29,"2025-09-07 22:22:06","2027-09-07 22:22:06",22318.58,482262.60,NULL,Disbursed
100,298,18,Home,1404901.46,7.83,"2023-11-02 01:52:12","2037-02-02 01:52:12",14224.38,1404901.46,NULL,Closed
101,199,48,Home,1156111.89,7.35,"2025-08-09 14:37:21","2036-10-09 14:37:21",12672.23,1156111.89,NULL,Pending
102,309,10,Personal,382103.58,9.71,"2026-02-12 11:19:11","2029-02-12 11:19:11",12277.45,382103.58,NULL,Approved
103,91,43,Vehicle,1382499.56,13.93,"2023-07-03 07:02:13","2026-03-03 07:02:13",51970.45,1382499.56,NULL,Approved
104,103,13,Home,3243001.37,9.59,"2022-12-04 16:34:46","2031-04-04 16:34:46",47219.18,3243001.37,NULL,Approved
105,261,18,Home,4875530.35,14.42,"2021-02-23 16:30:26","2041-04-23 16:30:26",62032.77,4875530.35,NULL,Defaulted
106,244,19,Education,967630.46,7.46,"2025-09-02 16:15:11","2031-03-02 16:15:11",17918.78,967630.46,NULL,Approved
107,115,9,Home,1980662.82,14.81,"2023-01-28 07:47:56","2046-03-28 07:47:56",25279.98,1980662.82,NULL,Disbursed
108,40,33,Education,505493.64,11.73,"2022-02-09 19:32:21","2026-10-09 19:32:21",11764.52,505493.64,NULL,Approved
109,116,23,Home,4906979.33,7.51,"2026-02-13 07:30:36","2049-02-13 07:30:36",37392.39,4906979.33,NULL,Closed
110,118,8,Education,977126.97,8.92,"2023-08-31 09:26:02","2028-01-31 09:26:02",22373.42,977126.97,NULL,Pending
111,21,46,Vehicle,1075358.63,9.85,"2025-07-12 13:24:22","2029-03-12 13:24:22",29217.60,1075358.63,NULL,Defaulted
112,103,34,Vehicle,721127.57,8.97,"2021-06-30 06:37:16","2025-07-30 06:37:16",17630.60,721127.57,NULL,Closed
113,290,27,Other,999237.49,6.62,"2023-06-09 15:35:01","2025-08-09 15:35:01",41360.04,999237.49,NULL,Disbursed
114,36,42,Business,685844.75,13.82,"2023-09-13 18:24:41","2026-11-13 18:24:41",22387.11,685844.75,NULL,Disbursed
115,62,23,Personal,448858.86,14.93,"2023-06-04 19:20:19","2024-10-04 19:20:19",31112.12,448858.86,NULL,Defaulted
116,179,38,Vehicle,1688153.44,14.57,"2023-05-03 22:01:18","2025-06-03 22:01:18",78698.33,1688153.44,NULL,Closed
117,16,16,Home,1129506.57,6.69,"2023-03-16 00:24:57","2047-06-16 00:24:57",7854.86,1129506.57,NULL,Closed
118,41,32,Other,519368.91,12.89,"2021-11-04 23:23:57","2024-06-04 23:23:57",19786.81,519368.91,NULL,Defaulted
119,157,40,Personal,132193.22,10.47,"2025-03-22 02:58:31","2028-06-22 02:58:31",4013.53,132193.22,NULL,Defaulted
120,154,2,Personal,263045.42,8.27,"2023-11-30 16:08:37","2026-11-30 16:08:37",8275.69,263045.42,NULL,Defaulted
121,223,21,Personal,456441.04,7.80,"2021-10-24 10:35:38","2023-02-24 10:35:38",30129.24,456441.04,NULL,Closed
122,13,47,Vehicle,1737747.84,13.60,"2022-04-28 19:51:48","2025-11-28 19:51:48",51280.77,1737747.84,NULL,Closed
123,4,17,Vehicle,317203.63,6.22,"2023-05-11 23:18:32","2028-01-11 23:18:32",6540.72,317203.63,NULL,Pending
124,21,31,Home,1180871.52,6.65,"2024-07-20 20:19:05","2047-08-20 20:19:05",8350.79,1180871.52,NULL,Closed
125,178,18,Vehicle,1375008.09,14.87,"2021-09-15 12:55:05","2026-07-15 12:55:05",33378.65,1375008.09,NULL,Defaulted
126,86,14,Business,2781799.40,10.37,"2025-10-08 15:58:59","2035-10-08 15:58:59",37334.01,2781799.40,NULL,Approved
127,7,25,Personal,456646.18,10.30,"2021-05-02 18:54:17","2023-11-02 18:54:17",17330.20,456646.18,NULL,Defaulted
128,259,41,Education,866702.97,12.10,"2026-01-16 15:12:06","2031-01-16 15:12:06",19323.15,866702.97,NULL,Pending
129,297,47,Personal,184658.03,10.08,"2023-09-12 07:08:46","2025-04-12 07:08:46",10555.70,184658.03,NULL,Closed
130,161,46,Business,4218632.85,12.70,"2021-03-21 04:56:12","2024-08-21 04:56:12",127361.58,4218632.85,NULL,Approved
131,144,31,Home,2615283.10,11.64,"2022-05-27 13:30:53","2041-11-27 13:30:53",28327.61,2615283.10,NULL,Pending
132,278,9,Personal,78821.92,14.20,"2025-09-04 08:30:27","2027-04-04 08:30:27",4656.74,78821.92,NULL,Defaulted
133,48,39,Vehicle,1099861.17,7.43,"2026-02-09 03:37:43","2028-04-09 03:37:43",45929.20,1099861.17,NULL,Defaulted
134,150,4,Personal,447816.21,14.40,"2024-10-02 07:48:03","2025-04-02 07:48:03",77801.91,447816.21,NULL,Pending
135,40,32,Home,1373987.36,6.64,"2022-11-06 22:49:13","2043-04-06 22:49:13",10256.50,1373987.36,NULL,Defaulted
136,11,41,Business,4270583.57,12.59,"2023-06-01 06:42:45","2025-11-01 06:42:45",171563.84,4270583.57,NULL,Defaulted
137,135,23,Other,715085.61,10.45,"2023-01-20 19:13:43","2025-08-20 19:13:43",26420.49,715085.61,NULL,Pending
138,176,32,Home,2358948.42,9.77,"2026-01-16 12:32:07","2048-02-16 12:32:07",21741.32,2358948.42,NULL,Approved
139,51,13,Personal,235860.12,11.68,"2022-09-24 15:13:11","2025-11-24 15:13:11",7455.11,235860.12,NULL,Disbursed
140,138,40,Personal,343751.53,13.90,"2023-07-23 06:51:26","2025-04-23 06:51:26",18534.81,343751.53,NULL,Defaulted
141,282,2,Home,2990016.58,14.51,"2023-08-17 07:59:03","2029-12-17 07:59:03",60371.43,2990016.58,NULL,Disbursed
142,45,45,Business,3494274.67,14.49,"2022-03-22 17:20:30","2030-05-22 17:20:30",61010.93,3494274.67,NULL,Closed
143,139,49,Vehicle,1052468.17,7.99,"2022-04-12 18:37:46","2025-12-12 18:37:46",27673.39,1052468.17,NULL,Approved
144,266,32,Home,1483291.88,7.21,"2022-10-06 07:34:53","2028-01-06 07:34:53",28350.65,1483291.88,NULL,Defaulted
145,123,9,Personal,491772.53,11.41,"2023-07-29 08:17:20","2024-03-29 08:17:20",64130.82,491772.53,NULL,Pending
146,126,50,Home,1736242.15,11.22,"2022-12-23 22:45:58","2029-05-23 22:45:58",31732.02,1736242.15,NULL,Defaulted
147,171,7,Home,3492781.85,10.60,"2024-10-17 15:27:19","2040-12-17 15:27:19",37697.43,3492781.85,NULL,Disbursed
148,58,14,Vehicle,1377376.32,14.17,"2025-05-20 00:39:11","2028-08-20 00:39:11",44276.08,1377376.32,NULL,Approved
149,254,25,Other,240288.48,14.14,"2023-05-19 14:18:44","2024-02-19 14:18:44",28296.28,240288.48,NULL,Defaulted
150,11,4,Other,551576.50,11.14,"2025-11-16 04:47:24","2028-02-16 04:47:24",23190.02,551576.50,NULL,Defaulted
151,199,24,Other,513637.94,11.90,"2023-06-24 22:09:58","2028-05-24 22:09:58",11541.35,513637.94,NULL,Disbursed
152,83,3,Other,487111.85,8.34,"2024-10-23 06:38:23","2025-04-23 06:38:23",83171.54,487111.85,NULL,Pending
153,216,30,Vehicle,452701.22,8.26,"2024-01-04 14:47:05","2028-05-04 14:47:05",10386.20,452701.22,NULL,Approved
154,27,36,Personal,61489.57,12.57,"2022-09-14 16:26:04","2024-11-14 16:26:04",2713.92,61489.57,NULL,Approved
155,235,20,Education,69987.91,8.61,"2025-10-29 03:31:11","2028-09-29 03:31:11",2268.36,69987.91,NULL,Closed
156,263,22,Personal,473708.44,9.98,"2023-02-14 20:26:37","2024-09-14 20:26:37",27057.04,473708.44,NULL,Pending
157,314,21,Other,204746.59,14.38,"2022-06-14 18:35:38","2024-06-14 18:35:38",9867.27,204746.59,NULL,Closed
158,163,11,Other,712242.28,12.20,"2021-05-10 13:55:58","2023-11-10 13:55:58",27665.29,712242.28,NULL,Approved
159,20,47,Other,754215.40,13.71,"2021-05-18 10:20:22","2022-05-18 10:20:22",67615.96,754215.40,NULL,Pending
160,300,36,Home,4492602.39,12.30,"2025-08-17 23:34:59","2047-05-17 23:34:59",49506.41,4492602.39,NULL,Approved
161,280,40,Other,179165.59,12.64,"2021-07-23 06:42:41","2024-02-23 06:42:41",6804.52,179165.59,NULL,Disbursed
162,305,21,Vehicle,1847732.40,8.75,"2021-03-05 14:03:30","2025-04-05 14:03:30",44981.52,1847732.40,NULL,Disbursed
163,132,7,Home,2626970.72,11.83,"2025-05-01 07:11:55","2046-09-01 07:11:55",28184.94,2626970.72,NULL,Approved
164,143,37,Education,960649.78,7.87,"2025-02-17 11:53:00","2026-11-17 11:53:00",49117.25,960649.78,NULL,Disbursed
165,6,39,Education,808108.94,6.12,"2024-06-27 14:05:37","2028-10-27 14:05:37",17731.57,808108.94,NULL,Pending
166,279,25,Home,4208826.32,11.04,"2021-04-25 19:14:45","2032-10-25 19:14:45",53972.81,4208826.32,NULL,Approved
167,71,16,Vehicle,579350.89,11.86,"2025-04-24 22:13:18","2028-09-24 22:13:18",17255.07,579350.89,NULL,Pending
168,127,32,Business,927180.38,7.06,"2025-04-23 21:02:27","2029-04-23 21:02:27",22228.31,927180.38,NULL,Disbursed
169,175,9,Home,552278.37,9.58,"2023-04-02 00:20:41","2047-04-02 00:20:41",4905.78,552278.37,NULL,Closed
170,199,17,Education,398535.90,8.66,"2021-02-24 20:15:43","2023-12-24 20:15:43",13260.48,398535.90,NULL,Pending
171,163,30,Other,542221.44,11.44,"2021-07-11 23:02:21","2024-09-11 23:02:21",17076.46,542221.44,NULL,Defaulted
172,27,6,Personal,452777.62,8.47,"2023-01-10 00:18:25","2025-07-10 00:18:25",16799.87,452777.62,NULL,Approved
173,188,33,Other,294491.66,9.16,"2023-10-08 01:48:53","2024-10-08 01:48:53",25775.59,294491.66,NULL,Approved
174,168,48,Business,1763153.89,6.25,"2024-02-18 02:19:17","2028-01-18 02:19:17",42389.72,1763153.89,NULL,Closed
175,103,4,Education,703173.91,10.98,"2021-10-19 05:27:40","2026-04-19 05:27:40",16560.90,703173.91,NULL,Pending
176,241,48,Home,1484801.90,8.73,"2024-02-13 10:53:13","2046-05-13 10:53:13",12624.50,1484801.90,NULL,Closed
177,98,44,Other,476061.58,11.15,"2024-07-12 18:54:15","2028-01-12 18:54:15",13741.91,476061.58,NULL,Closed
178,57,25,Personal,135329.90,10.40,"2021-07-29 22:54:43","2024-08-29 22:54:43",4290.97,135329.90,NULL,Pending
179,190,24,Other,322737.99,9.47,"2022-04-13 06:08:50","2023-09-13 06:08:50",20361.22,322737.99,NULL,Defaulted
180,83,28,Personal,398789.84,13.78,"2024-02-17 23:47:59","2027-07-17 23:47:59",12250.04,398789.84,NULL,Closed
181,293,1,Other,397255.32,13.76,"2026-01-10 03:36:38","2028-02-10 03:36:38",18366.79,397255.32,NULL,Disbursed
182,111,43,Personal,129022.41,13.21,"2021-02-22 12:42:57","2023-01-22 12:42:57",6380.42,129022.41,NULL,Defaulted
183,122,40,Vehicle,435856.44,9.06,"2023-08-03 14:35:05","2025-10-03 14:35:05",18525.87,435856.44,NULL,Defaulted
184,93,39,Home,1987555.66,12.97,"2025-10-13 16:20:32","2048-04-13 16:20:32",22729.58,1987555.66,NULL,Defaulted
185,249,5,Other,495534.67,8.99,"2022-06-29 14:48:15","2024-08-29 14:48:15",21046.52,495534.67,NULL,Pending
186,203,12,Other,581903.37,14.78,"2023-12-10 08:30:29","2025-10-10 08:30:29",30356.92,581903.37,NULL,Pending
187,16,21,Other,338856.25,12.20,"2025-03-26 22:11:05","2028-11-26 22:11:05",9590.24,338856.25,NULL,Pending
188,9,30,Education,681632.00,9.49,"2023-04-27 23:10:57","2028-12-27 23:10:57",12998.35,681632.00,NULL,Disbursed
189,95,48,Business,2130644.51,10.58,"2022-05-14 09:42:22","2027-11-14 09:42:22",42719.09,2130644.51,NULL,Defaulted
190,148,46,Personal,110634.05,7.74,"2024-12-24 10:36:38","2027-02-24 10:36:38",4635.59,110634.05,NULL,Closed
191,143,39,Home,1962578.21,6.59,"2023-04-09 19:15:56","2035-04-09 19:15:56",19756.40,1962578.21,NULL,Pending
192,145,4,Vehicle,310428.83,7.18,"2021-04-17 10:11:40","2024-02-17 10:11:40",10117.62,310428.83,NULL,Pending
193,144,33,Personal,156534.12,13.44,"2022-12-05 22:42:46","2024-09-05 22:42:46",8406.40,156534.12,NULL,Defaulted
194,170,27,Business,1486007.77,14.65,"2021-10-24 20:44:06","2024-03-24 20:44:06",61155.55,1486007.77,NULL,Disbursed
195,252,37,Other,616721.61,8.26,"2021-07-05 00:16:21","2024-09-05 00:16:21",18499.97,616721.61,NULL,Pending
196,109,5,Home,1488601.07,8.00,"2023-02-18 15:22:57","2037-02-18 15:22:57",14756.78,1488601.07,NULL,Defaulted
197,64,15,Business,566761.39,11.25,"2023-01-21 10:24:42","2032-09-21 10:24:42",8035.61,566761.39,NULL,Disbursed
198,89,46,Vehicle,533905.28,12.78,"2022-03-20 06:04:33","2023-12-20 06:04:33",28507.58,533905.28,NULL,Closed
199,25,36,Vehicle,855723.58,9.83,"2021-07-31 10:26:53","2022-08-31 10:26:53",69660.98,855723.58,NULL,Approved
200,212,25,Home,4679735.13,6.01,"2025-08-24 19:48:33","2034-12-24 19:48:33",54693.91,4679735.13,NULL,Closed
201,78,18,Business,1836323.57,6.45,"2022-11-17 04:53:56","2027-06-17 04:53:56",38654.63,1836323.57,NULL,Approved
202,146,44,Vehicle,503004.96,13.40,"2023-05-03 23:12:06","2026-10-03 23:12:06",15357.61,503004.96,NULL,Pending
203,46,10,Personal,409157.81,12.86,"2022-03-10 16:06:28","2023-11-10 16:06:28",22837.56,409157.81,NULL,Approved
204,28,30,Education,876523.66,12.20,"2025-08-21 23:38:17","2030-09-21 23:38:17",19353.16,876523.66,NULL,Closed
205,149,16,Education,670834.31,10.06,"2025-06-15 18:28:03","2027-11-15 18:28:03",26154.31,670834.31,NULL,Pending
206,221,14,Vehicle,548382.70,10.61,"2024-04-10 21:25:23","2029-03-10 21:25:23",11968.87,548382.70,NULL,Defaulted
207,31,42,Education,170998.62,12.87,"2021-09-13 02:57:23","2024-11-13 02:57:23",5502.82,170998.62,NULL,Approved
208,28,24,Business,1351159.79,10.25,"2023-05-29 08:05:23","2032-04-29 08:05:23",19315.53,1351159.79,NULL,Defaulted
209,200,25,Home,4560063.33,14.92,"2024-09-29 15:18:41","2034-08-29 15:18:41",73615.29,4560063.33,NULL,Closed
210,240,17,Vehicle,1567788.62,10.77,"2024-10-13 05:19:55","2027-03-13 05:19:55",61642.86,1567788.62,NULL,Defaulted
211,241,44,Vehicle,452119.07,8.67,"2023-12-19 23:32:46","2025-03-19 23:32:46",31912.70,452119.07,NULL,Disbursed
212,146,47,Home,3869774.79,14.06,"2023-10-22 15:45:53","2033-05-22 15:45:53",61433.71,3869774.79,NULL,Approved
213,264,12,Personal,264285.87,6.74,"2022-10-21 09:53:18","2026-03-21 09:53:18",7234.67,264285.87,NULL,Pending
214,22,12,Education,88492.52,9.86,"2022-01-06 01:46:41","2023-02-06 01:46:41",7205.05,88492.52,NULL,Approved
215,308,34,Business,4273157.63,13.09,"2022-05-24 11:05:04","2027-07-24 11:05:04",95197.01,4273157.63,NULL,Approved
216,134,20,Home,520519.60,8.00,"2022-01-25 18:25:48","2028-11-25 18:25:48",8260.79,520519.60,NULL,Defaulted
217,284,6,Other,615128.01,14.40,"2021-06-05 20:27:43","2026-08-05 20:27:43",14122.43,615128.01,NULL,Disbursed
218,201,20,Vehicle,1219248.04,9.28,"2023-07-08 05:37:26","2024-12-08 05:37:26",76814.73,1219248.04,NULL,Disbursed
219,279,27,Vehicle,244554.42,6.53,"2021-06-25 23:07:40","2023-04-25 23:07:40",11824.96,244554.42,NULL,Pending
220,105,9,Home,1193565.03,6.12,"2021-04-06 01:22:40","2038-04-06 01:22:40",9426.51,1193565.03,NULL,Disbursed
221,266,4,Education,983129.08,7.35,"2023-04-27 09:19:24","2028-04-27 09:19:24",19629.89,983129.08,NULL,Approved
222,112,1,Education,763744.91,8.05,"2022-06-06 01:59:51","2027-11-06 01:59:51",14535.98,763744.91,NULL,Disbursed
223,242,35,Education,527756.70,12.75,"2021-04-23 02:33:30","2023-06-23 02:33:30",23337.93,527756.70,NULL,Pending
224,3,2,Vehicle,324416.31,6.53,"2024-10-20 01:29:18","2026-02-20 01:29:18",21226.59,324416.31,NULL,Approved
225,310,49,Home,1147254.25,6.52,"2025-07-23 23:37:10","2047-08-23 23:37:10",8179.18,1147254.25,NULL,Pending
226,138,18,Vehicle,873517.03,13.82,"2023-07-26 21:54:50","2025-05-26 21:54:50",45174.49,873517.03,NULL,Closed
227,228,37,Personal,223895.07,10.25,"2023-02-27 08:02:04","2024-03-27 08:02:04",18269.99,223895.07,NULL,Disbursed
228,99,45,Home,2623670.16,13.13,"2024-05-15 02:32:20","2040-03-15 02:32:20",32864.18,2623670.16,NULL,Approved
229,171,40,Home,4320147.95,8.48,"2024-06-22 03:47:28","2046-01-22 03:47:28",36405.06,4320147.95,NULL,Pending
230,50,15,Other,519076.75,9.58,"2022-05-02 00:50:07","2025-10-02 00:50:07",14895.24,519076.75,NULL,Approved
231,148,50,Business,1715498.49,8.92,"2025-09-09 23:43:38","2034-10-09 23:43:38",23021.51,1715498.49,NULL,Approved
232,223,2,Home,4340348.99,11.03,"2023-09-17 17:09:37","2033-04-17 17:09:37",61298.17,4340348.99,NULL,Defaulted
233,184,49,Education,288489.32,9.98,"2021-05-13 09:07:25","2024-08-13 09:07:25",8691.98,288489.32,NULL,Defaulted
234,93,41,Education,561405.80,6.63,"2023-09-29 04:25:34","2028-05-29 04:25:34",11683.28,561405.80,NULL,Defaulted
235,185,15,Education,870231.02,11.86,"2024-03-23 21:21:05","2028-07-23 21:21:05",21483.12,870231.02,NULL,Disbursed
236,300,43,Other,817301.70,9.84,"2024-01-10 21:08:05","2028-03-10 21:08:05",19991.31,817301.70,NULL,Pending
237,240,50,Education,521253.83,14.74,"2021-07-25 11:36:38","2024-04-25 11:36:38",19308.13,521253.83,NULL,Disbursed
238,168,3,Personal,476422.07,10.86,"2022-10-23 17:44:27","2025-10-23 17:44:27",15565.88,476422.07,NULL,Approved
239,105,35,Home,1521782.05,7.43,"2025-09-14 02:10:35","2032-11-14 02:10:35",22875.92,1521782.05,NULL,Closed
240,267,8,Home,2081625.99,6.26,"2024-04-13 13:44:00","2031-01-13 13:44:00",31575.90,2081625.99,NULL,Pending
241,222,20,Personal,58576.95,14.71,"2026-02-11 15:19:38","2028-12-11 15:19:38",2117.13,58576.95,NULL,Approved
242,268,3,Business,2799478.35,10.19,"2023-03-20 12:51:45","2032-02-20 12:51:45",39928.79,2799478.35,NULL,Disbursed
243,193,50,Education,936450.88,14.07,"2022-06-26 14:46:05","2026-11-26 14:46:05",23823.94,936450.88,NULL,Approved
244,161,29,Vehicle,1186795.07,8.55,"2026-02-01 17:35:46","2030-03-01 17:35:46",28779.10,1186795.07,NULL,Approved
245,111,16,Personal,408614.41,12.64,"2024-09-27 11:37:39","2026-01-27 11:37:39",27884.81,408614.41,NULL,Disbursed
246,57,10,Personal,434289.10,14.86,"2021-10-31 04:27:39","2023-05-31 04:27:39",25792.23,434289.10,NULL,Pending
247,166,29,Other,440616.23,6.56,"2022-09-18 21:24:22","2024-01-18 21:24:22",28835.58,440616.23,NULL,Defaulted
248,62,32,Business,2801466.20,8.61,"2022-08-16 18:42:13","2032-09-16 18:42:13",34717.12,2801466.20,NULL,Approved
249,279,37,Business,1991892.66,8.62,"2023-12-17 18:36:43","2029-07-17 18:36:43",37560.24,1991892.66,NULL,Defaulted
250,291,27,Vehicle,1922588.81,12.68,"2021-03-22 09:57:39","2025-07-22 09:57:39",48246.30,1922588.81,NULL,Disbursed
251,134,33,Home,667146.03,8.89,"2023-07-20 02:54:14","2038-06-20 02:54:14",6741.04,667146.03,NULL,Closed
252,6,16,Education,102846.08,8.86,"2025-05-19 11:58:24","2028-06-19 11:58:24",3186.75,102846.08,NULL,Approved
253,207,5,Vehicle,646136.37,6.81,"2024-10-24 04:10:16","2028-07-24 04:10:16",16310.43,646136.37,NULL,Pending
254,208,5,Other,223665.84,14.49,"2022-08-24 13:44:59","2024-08-24 13:44:59",10790.69,223665.84,NULL,Defaulted
255,221,3,Business,903474.38,7.47,"2024-11-19 14:14:24","2031-04-19 14:14:24",14805.08,903474.38,NULL,Disbursed
256,72,41,Education,785832.15,6.72,"2025-06-12 10:51:56","2026-10-12 10:51:56",51484.99,785832.15,NULL,Approved
257,4,4,Business,847617.93,7.72,"2025-11-09 02:17:11","2034-02-09 02:17:11",11602.38,847617.93,NULL,Approved
258,215,5,Personal,166335.28,13.48,"2024-02-21 20:03:45","2025-09-21 20:03:45",9770.84,166335.28,NULL,Defaulted
259,132,5,Other,333873.21,12.11,"2025-11-29 08:41:24","2029-05-29 08:41:24",9792.14,333873.21,NULL,Pending
260,251,3,Personal,140096.75,14.47,"2022-07-29 05:01:24","2023-04-29 05:01:24",16519.82,140096.75,NULL,Pending
261,125,12,Vehicle,297547.67,14.93,"2026-02-04 15:11:01","2030-04-04 15:11:01",8028.42,297547.67,NULL,Closed
262,232,10,Personal,81519.92,8.64,"2024-02-08 06:02:26","2025-05-08 06:02:26",5752.94,81519.92,NULL,Approved
263,80,47,Home,4778782.64,13.86,"2021-05-07 05:18:48","2036-08-07 05:18:48",62883.62,4778782.64,NULL,Approved
264,62,3,Other,326741.42,10.84,"2025-11-25 10:00:46","2030-12-25 10:00:46",6990.61,326741.42,NULL,Pending
265,194,29,Home,898458.60,12.75,"2025-03-24 10:39:57","2039-11-24 10:39:57",11305.90,898458.60,NULL,Pending
266,165,38,Education,936894.14,6.17,"2024-01-17 04:44:05","2026-06-17 04:44:05",34857.96,936894.14,NULL,Disbursed
267,78,25,Business,1566984.88,6.18,"2021-08-25 07:49:14","2026-06-25 07:49:14",31321.54,1566984.88,NULL,Defaulted
268,24,47,Personal,126124.96,11.48,"2021-10-23 16:55:29","2023-11-23 16:55:29",5696.30,126124.96,NULL,Defaulted
269,4,38,Business,4120125.04,13.79,"2021-03-30 03:45:24","2031-04-30 03:45:24",63208.25,4120125.04,NULL,Defaulted
270,288,17,Business,1434655.49,14.28,"2025-07-02 16:05:20","2036-04-02 16:05:20",21814.84,1434655.49,NULL,Closed
271,203,9,Vehicle,454229.61,8.35,"2023-01-15 10:22:33","2027-07-15 10:22:33",10119.63,454229.61,NULL,Defaulted
272,192,30,Education,791477.45,9.32,"2024-01-21 13:32:03","2027-07-21 13:32:03",22157.52,791477.45,NULL,Defaulted
273,38,24,Other,934033.46,6.06,"2024-12-01 10:31:17","2026-09-01 10:31:17",46990.00,934033.46,NULL,Pending
274,268,29,Personal,454908.88,7.61,"2023-12-03 14:45:57","2025-01-03 14:45:57",36566.03,454908.88,NULL,Closed
275,8,43,Home,4933033.32,7.91,"2021-09-22 02:49:48","2028-09-22 02:49:48",76666.32,4933033.32,NULL,Defaulted
276,123,35,Other,555352.74,13.87,"2022-11-29 15:20:45","2027-08-29 15:20:45",13356.62,555352.74,NULL,Defaulted
277,47,49,Business,3370468.92,13.52,"2022-01-01 07:08:45","2025-08-01 07:08:45",99329.37,3370468.92,NULL,Disbursed
278,77,34,Education,115294.46,12.12,"2021-06-23 01:33:33","2023-05-23 01:33:33",5642.72,115294.46,NULL,Approved
279,315,50,Education,888948.86,11.97,"2024-06-10 16:26:06","2028-09-10 16:26:06",22323.26,888948.86,NULL,Disbursed
280,97,28,Education,854297.45,11.61,"2026-01-23 07:37:08","2029-11-23 07:37:08",23098.12,854297.45,NULL,Defaulted
281,281,12,Other,314553.23,9.26,"2024-03-18 15:00:10","2025-02-18 15:00:10",29936.69,314553.23,NULL,Pending
282,37,39,Other,227895.34,12.65,"2025-07-17 18:33:28","2027-04-17 18:33:28",12154.51,227895.34,NULL,Defaulted
283,252,19,Business,2890913.28,10.77,"2022-08-15 07:32:43","2024-03-15 07:32:43",166174.96,2890913.28,NULL,Pending
284,111,24,Business,1126880.38,10.23,"2024-11-15 10:31:14","2035-02-15 10:31:14",14825.03,1126880.38,NULL,Defaulted
285,149,50,Education,677723.68,11.70,"2026-01-19 12:34:18","2027-11-19 12:34:18",34376.91,677723.68,NULL,Pending
286,259,19,Personal,233576.33,11.77,"2021-04-01 22:45:00","2024-09-01 22:45:00",6946.57,233576.33,NULL,Defaulted
287,142,29,Vehicle,519339.32,12.47,"2025-04-25 14:36:10","2026-07-25 14:36:10",37570.32,519339.32,NULL,Approved
288,209,15,Vehicle,635262.56,12.50,"2024-10-23 15:29:29","2029-04-23 15:29:29",15440.93,635262.56,NULL,Pending
289,26,28,Personal,391543.09,12.25,"2021-08-20 21:48:22","2022-09-20 21:48:22",32314.64,391543.09,NULL,Closed
290,277,45,Other,591712.71,13.63,"2023-10-27 12:07:09","2027-04-27 12:07:09",17793.38,591712.71,NULL,Disbursed
291,104,9,Home,2018871.88,14.38,"2024-01-04 04:39:44","2041-11-04 04:39:44",26243.62,2018871.88,NULL,Defaulted
292,123,30,Education,883466.06,10.49,"2022-01-27 11:55:11","2027-04-27 11:55:11",18297.10,883466.06,NULL,Approved
293,49,33,Business,859316.61,9.03,"2025-01-21 17:01:53","2030-06-21 17:01:53",16764.66,859316.61,NULL,Closed
294,2,17,Education,395071.84,14.87,"2024-12-29 14:25:16","2030-02-28 14:25:16",9167.85,395071.84,NULL,Approved
295,14,48,Home,772120.68,13.06,"2024-06-02 11:25:38","2044-03-02 11:25:38",9103.16,772120.68,NULL,Pending
296,71,13,Home,1550747.61,11.36,"2023-02-02 04:10:18","2033-08-02 04:10:18",21125.25,1550747.61,NULL,Pending
297,236,15,Personal,271050.98,14.92,"2023-12-19 17:17:17","2025-11-19 17:17:17",13622.68,271050.98,NULL,Closed
298,240,45,Vehicle,1419872.30,6.21,"2024-06-07 10:13:46","2025-09-07 10:13:46",98624.19,1419872.30,NULL,Approved
299,61,40,Education,835178.90,8.85,"2023-04-14 12:56:09","2024-10-14 12:56:09",49717.31,835178.90,NULL,Pending
300,148,16,Personal,226594.47,12.16,"2025-03-18 04:18:00","2026-05-18 04:18:00",17442.27,226594.47,NULL,Approved
301,292,25,Home,832203.53,12.50,"2022-04-07 16:10:47","2035-01-07 16:10:47",10902.00,832203.53,NULL,Closed
302,12,47,Vehicle,476209.69,9.27,"2022-09-13 08:45:40","2025-02-13 08:45:40",18392.09,476209.69,NULL,Approved
303,198,21,Vehicle,1542123.66,8.40,"2022-08-29 04:46:21","2023-12-29 04:46:21",102217.49,1542123.66,NULL,Closed
304,166,49,Home,3914430.14,6.96,"2021-05-03 00:14:08","2031-06-03 00:14:08",45109.51,3914430.14,NULL,Approved
305,86,44,Vehicle,776814.64,8.34,"2021-07-25 13:59:20","2023-11-25 13:59:20",30626.30,776814.64,NULL,Defaulted
306,278,36,Personal,122348.68,12.67,"2021-09-18 17:05:14","2022-10-18 17:05:14",10121.63,122348.68,NULL,Pending
307,27,38,Other,488711.51,7.44,"2025-12-16 15:11:58","2028-12-16 15:11:58",15188.50,488711.51,NULL,Disbursed
308,79,40,Personal,78977.62,13.45,"2024-12-08 08:03:14","2028-03-08 08:03:14",2510.96,78977.62,NULL,Approved
309,6,38,Personal,141742.54,11.70,"2021-09-14 18:06:15","2023-11-14 18:06:15",6198.19,141742.54,NULL,Pending
310,7,27,Vehicle,531709.59,11.11,"2022-06-15 19:50:48","2024-07-15 19:50:48",23922.49,531709.59,NULL,Closed
311,93,10,Other,283904.76,8.48,"2021-03-04 15:20:44","2025-06-04 15:20:44",6649.45,283904.76,NULL,Defaulted
312,273,6,Education,382150.82,13.09,"2025-08-28 19:40:01","2031-01-28 19:40:01",8238.54,382150.82,NULL,Approved
313,311,5,Other,312469.95,9.13,"2025-07-27 11:58:30","2026-02-27 11:58:30",46007.36,312469.95,NULL,Closed
314,95,41,Business,2375766.52,11.64,"2023-05-25 01:43:25","2033-03-25 01:43:25",33895.19,2375766.52,NULL,Pending
315,310,18,Personal,159316.42,14.16,"2024-08-08 02:37:46","2027-06-08 02:37:46",5715.66,159316.42,NULL,Approved
316,127,40,Other,806479.74,6.26,"2021-10-17 23:12:07","2026-03-17 23:12:07",17456.38,806479.74,NULL,Approved
317,272,7,Home,3946849.05,7.60,"2024-01-09 07:23:58","2040-10-09 07:23:58",34771.57,3946849.05,NULL,Defaulted
318,214,41,Home,3738943.87,13.49,"2023-08-01 12:10:16","2028-08-01 12:10:16",86013.27,3738943.87,NULL,Pending
319,96,25,Vehicle,1108447.87,7.81,"2021-10-23 20:35:26","2024-09-23 20:35:26",35516.34,1108447.87,NULL,Closed
320,96,23,Education,384997.07,6.80,"2022-09-26 05:04:43","2025-08-26 05:04:43",12157.81,384997.07,NULL,Disbursed
321,280,16,Business,1856726.49,7.41,"2021-07-06 23:07:42","2031-04-06 23:07:42",22333.33,1856726.49,NULL,Approved
322,233,48,Other,714722.70,9.87,"2025-01-26 18:07:23","2025-12-26 18:07:23",68225.07,714722.70,NULL,Closed
323,71,41,Other,591090.75,12.87,"2023-01-25 12:44:11","2024-05-25 12:44:11",40400.78,591090.75,NULL,Defaulted
324,222,27,Vehicle,963949.19,13.16,"2025-06-22 12:18:57","2029-03-22 12:18:57",27254.65,963949.19,NULL,Pending
325,11,23,Personal,130293.46,9.65,"2024-12-08 17:51:10","2026-11-08 17:51:10",6227.64,130293.46,NULL,Disbursed
326,157,37,Vehicle,1573355.42,11.71,"2023-07-07 22:12:11","2028-01-07 22:12:11",37622.68,1573355.42,NULL,Disbursed
327,3,32,Other,468671.39,6.52,"2025-07-15 09:42:20","2026-04-15 09:42:20",53499.51,468671.39,NULL,Closed
328,234,27,Other,710238.45,13.82,"2021-06-11 18:58:38","2023-06-11 18:58:38",34040.23,710238.45,NULL,Disbursed
329,109,31,Personal,425036.02,12.70,"2021-10-03 16:54:24","2022-11-03 16:54:24",35168.22,425036.02,NULL,Disbursed
330,309,25,Vehicle,1276750.42,12.22,"2024-12-09 04:17:49","2028-07-09 04:17:49",36814.13,1276750.42,NULL,Disbursed
331,262,1,Vehicle,1262380.52,12.12,"2025-08-08 15:52:25","2029-02-08 15:52:25",37030.36,1262380.52,NULL,Closed
332,128,45,Personal,277491.52,7.46,"2021-03-18 00:13:02","2022-07-18 00:13:02",18273.86,277491.52,NULL,Closed
333,232,24,Business,1420589.03,13.82,"2025-11-29 00:59:51","2034-02-28 00:59:51",24125.53,1420589.03,NULL,Disbursed
334,123,28,Business,1912961.28,8.87,"2024-08-16 13:50:31","2032-02-16 13:50:31",29178.92,1912961.28,NULL,Approved
335,39,28,Other,757874.95,14.57,"2021-03-23 04:03:42","2024-07-23 04:03:42",24031.35,757874.95,NULL,Disbursed
336,242,13,Business,4162386.09,6.51,"2025-11-24 16:20:38","2035-04-24 16:20:38",49368.91,4162386.09,NULL,Approved
337,202,3,Education,401496.15,14.72,"2022-04-27 14:44:54","2026-12-27 14:44:54",9954.03,401496.15,NULL,Disbursed
338,155,10,Business,2065713.25,9.43,"2025-04-03 06:52:31","2034-11-03 06:52:31",27351.32,2065713.25,NULL,Approved
339,59,22,Vehicle,977047.21,14.54,"2024-02-11 15:06:32","2026-11-11 15:06:32",36096.85,977047.21,NULL,Disbursed
340,95,15,Home,3850073.85,14.58,"2022-01-28 10:48:41","2037-09-28 10:48:41",52165.37,3850073.85,NULL,Approved
341,229,34,Other,901141.40,12.64,"2021-09-09 09:12:57","2022-04-09 09:12:57",134215.33,901141.40,NULL,Approved
342,69,43,Other,772775.51,6.74,"2023-03-16 10:22:34","2024-06-16 10:22:34",53863.51,772775.51,NULL,Defaulted
343,306,5,Personal,313918.03,12.60,"2024-06-21 22:40:36","2027-08-21 22:40:36",10061.11,313918.03,NULL,Approved
344,254,31,Personal,296013.71,8.65,"2024-09-16 21:43:52","2027-09-16 21:43:52",9365.01,296013.71,NULL,Disbursed
345,308,12,Business,4206323.47,11.85,"2021-06-14 08:55:33","2030-03-14 08:55:33",64536.10,4206323.47,NULL,Approved
346,210,15,Home,4066994.64,9.25,"2025-11-14 23:42:38","2039-05-14 23:42:38",44045.39,4066994.64,NULL,Approved
347,244,38,Personal,269948.15,7.65,"2022-08-22 03:36:35","2024-06-22 03:36:35",13189.94,269948.15,NULL,Approved
348,99,29,Personal,456703.83,10.03,"2024-08-19 21:38:27","2026-09-19 21:38:27",20319.18,456703.83,NULL,Disbursed
349,312,11,Education,417286.82,6.15,"2023-05-04 00:27:10","2028-12-04 00:27:10",7374.32,417286.82,NULL,Closed
350,162,24,Other,952711.73,6.45,"2021-09-28 04:13:34","2024-03-28 04:13:34",34471.34,952711.73,NULL,Disbursed
351,87,31,Other,163418.71,11.10,"2024-02-12 03:32:15","2027-09-12 03:32:15",4623.54,163418.71,NULL,Defaulted
352,274,32,Education,89668.82,9.46,"2021-12-31 17:13:53","2026-11-30 17:13:53",1906.43,89668.82,NULL,Pending
353,287,19,Other,716976.17,10.85,"2023-04-15 22:56:55","2026-12-15 22:56:55",19823.20,716976.17,NULL,Defaulted
354,21,24,Personal,255823.98,8.16,"2024-01-26 13:39:33","2026-12-26 13:39:33",8238.23,255823.98,NULL,Pending
355,44,9,Home,4469120.89,12.97,"2022-02-16 07:13:09","2031-07-16 07:13:09",68688.67,4469120.89,NULL,Approved
356,292,33,Home,1190226.97,14.50,"2023-10-04 14:29:44","2033-12-04 14:29:44",18702.12,1190226.97,NULL,Disbursed
357,291,47,Home,4474626.10,11.39,"2021-07-20 13:00:22","2033-05-20 13:00:22",57507.88,4474626.10,NULL,Pending
358,101,45,Vehicle,1476529.46,7.78,"2022-07-03 00:59:50","2026-12-03 00:59:50",33008.37,1476529.46,NULL,Disbursed
359,149,26,Education,547345.70,14.03,"2022-03-13 06:54:45","2027-08-13 06:54:45",12068.67,547345.70,NULL,Approved
360,235,23,Home,3239660.56,6.49,"2025-10-06 00:52:18","2039-09-06 00:52:18",29509.90,3239660.56,NULL,Pending
361,190,6,Personal,87015.27,14.85,"2024-01-26 00:57:39","2026-07-26 00:57:39",3489.86,87015.27,NULL,Closed
362,25,23,Personal,285122.77,7.60,"2025-10-08 09:45:34","2027-03-08 09:45:34",17744.02,285122.77,NULL,Defaulted
363,257,17,Other,342060.17,13.48,"2024-11-06 05:21:07","2027-01-06 05:21:07",15244.02,342060.17,NULL,Closed
364,143,24,Vehicle,214539.42,12.07,"2022-07-27 12:26:41","2024-11-27 12:26:41",8829.87,214539.42,NULL,Approved
365,137,36,Other,289391.92,7.85,"2024-04-21 15:04:27","2026-09-21 15:04:27",10988.00,289391.92,NULL,Approved
366,158,26,Vehicle,1119288.19,9.09,"2021-09-04 21:49:26","2023-05-04 21:49:26",60522.01,1119288.19,NULL,Defaulted
367,133,9,Personal,277864.96,10.47,"2024-06-19 18:50:52","2027-10-19 18:50:52",8259.13,277864.96,NULL,Pending
368,73,26,Business,4986692.39,13.04,"2024-11-03 12:49:36","2035-01-03 12:49:36",73979.24,4986692.39,NULL,Closed
369,196,11,Personal,153498.65,6.58,"2021-04-25 22:42:46","2023-08-25 22:42:46",5928.69,153498.65,NULL,Defaulted
370,131,30,Personal,420325.73,14.78,"2025-07-17 08:26:06","2027-03-17 08:26:06",23839.47,420325.73,NULL,Disbursed
371,270,27,Personal,126658.51,12.71,"2021-11-18 14:25:19","2022-12-18 14:25:19",10480.54,126658.51,NULL,Disbursed
372,291,20,Home,3044528.89,7.33,"2022-04-11 17:18:20","2028-02-11 17:18:20",53583.10,3044528.89,NULL,Pending
373,36,30,Vehicle,586803.24,11.75,"2021-12-21 12:02:41","2025-02-21 12:02:41",18567.45,586803.24,NULL,Disbursed
374,188,49,Vehicle,339242.99,9.10,"2023-12-27 15:01:06","2026-11-27 15:01:06",11072.28,339242.99,NULL,Closed
375,245,26,Business,1791345.32,7.55,"2023-09-04 10:45:27","2024-09-04 10:45:27",155453.85,1791345.32,NULL,Approved
376,56,39,Home,4099750.91,9.92,"2023-03-26 13:04:43","2043-09-26 13:04:43",39043.55,4099750.91,NULL,Disbursed
377,87,46,Business,4878847.54,11.74,"2023-12-25 08:24:02","2027-08-25 08:24:02",136988.83,4878847.54,NULL,Pending
378,30,25,Vehicle,731179.94,9.09,"2025-07-04 03:15:54","2029-10-04 03:15:54",17337.64,731179.94,NULL,Defaulted
379,17,8,Home,3225215.33,8.23,"2024-03-27 14:56:52","2037-08-27 14:56:52",33149.42,3225215.33,NULL,Closed
380,21,20,Personal,447192.12,7.37,"2025-08-11 04:35:23","2026-06-11 04:35:23",46243.66,447192.12,NULL,Disbursed
381,278,46,Education,61089.47,7.40,"2024-11-28 23:13:07","2029-07-28 23:13:07",1293.39,61089.47,NULL,Pending
382,211,32,Personal,115361.75,10.95,"2021-07-23 15:24:09","2022-12-23 15:24:09",7356.78,115361.75,NULL,Closed
383,70,49,Personal,195397.37,8.15,"2024-01-24 09:41:15","2025-03-24 09:41:15",14678.31,195397.37,NULL,Disbursed
384,38,26,Personal,465868.53,9.46,"2023-03-08 11:43:08","2024-02-08 11:43:08",44381.13,465868.53,NULL,Closed
385,213,2,Home,4725479.00,12.38,"2023-08-02 08:16:18","2043-02-02 08:16:18",53605.80,4725479.00,NULL,Defaulted
386,192,43,Business,2167851.65,11.87,"2022-03-02 12:10:22","2024-08-02 12:10:22",86353.85,2167851.65,NULL,Disbursed
387,281,47,Personal,157773.09,13.16,"2021-08-16 17:57:35","2022-11-16 17:57:35",11464.48,157773.09,NULL,Approved
388,61,23,Other,778756.06,6.97,"2025-10-13 12:19:06","2027-08-13 12:19:06",37810.36,778756.06,NULL,Closed
389,133,49,Vehicle,702374.79,9.47,"2024-08-30 04:05:50","2025-12-30 04:05:50",46900.95,702374.79,NULL,Pending
390,243,30,Personal,316912.10,11.10,"2023-03-31 17:50:04","2023-10-31 17:50:04",46963.69,316912.10,NULL,Pending
391,102,45,Home,3039817.95,7.74,"2022-03-08 02:14:51","2032-08-08 02:14:51",35499.48,3039817.95,NULL,Closed
392,169,5,Education,136956.38,13.51,"2021-03-30 04:02:39","2026-08-30 04:02:39",2982.50,136956.38,NULL,Approved
393,23,22,Vehicle,1957133.42,12.27,"2022-09-04 18:50:50","2025-11-04 18:50:50",62415.29,1957133.42,NULL,Defaulted
394,237,16,Home,3653225.12,11.13,"2026-01-03 21:19:57","2045-12-03 21:19:57",38075.14,3653225.12,NULL,Pending
395,17,35,Vehicle,1685318.77,12.67,"2021-07-01 22:55:47","2023-06-01 22:55:47",82915.82,1685318.77,NULL,Disbursed
396,125,49,Education,405670.27,8.04,"2024-04-29 18:47:40","2025-04-29 18:47:40",35296.12,405670.27,NULL,Pending
397,108,39,Vehicle,881799.89,12.49,"2025-03-26 11:53:01","2028-01-26 11:53:01",30927.77,881799.89,NULL,Closed
398,70,49,Personal,252832.73,14.32,"2023-03-30 01:38:58","2024-06-30 01:38:58",18509.17,252832.73,NULL,Pending
399,293,32,Education,316351.37,12.93,"2022-06-20 15:58:58","2023-06-20 15:58:58",28245.25,316351.37,NULL,Pending
400,24,28,Vehicle,1925163.71,9.74,"2022-05-06 04:38:38","2024-02-06 04:38:38",100079.92,1925163.71,NULL,Disbursed
401,151,40,Personal,247058.15,13.85,"2023-01-18 22:50:25","2023-08-18 22:50:25",36942.13,247058.15,NULL,Closed
402,110,37,Other,436839.77,7.44,"2021-08-17 11:39:53","2025-06-17 11:39:53",10944.21,436839.77,NULL,Closed
403,143,34,Home,4932261.90,7.47,"2022-01-07 12:08:08","2044-03-07 12:08:08",37995.04,4932261.90,NULL,Disbursed
404,152,39,Home,2943576.20,13.77,"2021-10-31 05:32:03","2040-07-31 05:32:03",36585.56,2943576.20,NULL,Defaulted
405,58,9,Vehicle,571350.53,11.31,"2021-09-03 10:36:40","2023-12-03 10:36:40",24066.73,571350.53,NULL,Closed
406,233,19,Home,3001365.87,13.31,"2023-06-29 10:41:07","2036-04-29 10:41:07",40742.77,3001365.87,NULL,Closed
407,109,33,Personal,72265.50,13.87,"2023-08-06 20:44:07","2024-10-06 20:44:07",5620.42,72265.50,NULL,Closed
408,116,8,Personal,263133.05,8.22,"2024-07-03 04:56:08","2027-06-03 04:56:08",8480.89,263133.05,NULL,Pending
409,288,17,Education,810136.94,7.53,"2022-06-09 08:29:24","2025-08-09 08:29:24",24028.62,810136.94,NULL,Defaulted
410,209,19,Home,3795486.72,12.10,"2021-07-09 00:24:55","2030-04-09 00:24:55",58764.18,3795486.72,NULL,Disbursed
411,217,12,Other,230592.70,14.89,"2023-05-10 06:38:26","2026-05-10 06:38:26",7981.16,230592.70,NULL,Disbursed
412,74,7,Home,2596391.27,9.65,"2021-05-30 19:16:53","2038-12-30 19:16:53",25603.67,2596391.27,NULL,Defaulted
413,41,2,Vehicle,902661.36,13.05,"2024-03-30 15:06:34","2028-02-29 15:06:34",24632.11,902661.36,NULL,Closed
414,275,6,Other,409510.91,6.78,"2022-06-06 11:16:52","2024-11-06 11:16:52",15349.28,409510.91,NULL,Closed
415,83,5,Other,245963.95,14.60,"2023-03-23 00:25:03","2025-02-23 00:25:03",12324.56,245963.95,NULL,Pending
416,285,2,Education,749741.49,6.83,"2021-03-27 03:45:23","2023-06-27 03:45:23",30035.26,749741.49,NULL,Defaulted
417,196,41,Education,259645.68,10.63,"2026-02-04 07:28:30","2031-08-04 07:28:30",5212.38,259645.68,NULL,Approved
418,42,6,Other,235085.26,7.40,"2025-03-31 21:56:00","2027-04-30 21:56:00",10175.78,235085.26,NULL,Disbursed
419,300,40,Education,450007.96,8.56,"2021-06-06 05:17:46","2023-03-06 05:17:46",23150.23,450007.96,NULL,Pending
420,194,29,Personal,189052.53,10.20,"2023-01-02 21:39:36","2024-09-02 21:39:36",10318.87,189052.53,NULL,Approved
421,239,4,Education,957480.95,7.89,"2024-09-05 21:35:18","2026-08-05 21:35:18",44993.08,957480.95,NULL,Defaulted
422,183,47,Vehicle,345593.86,8.82,"2022-09-29 09:01:54","2024-12-29 09:01:54",14158.64,345593.86,NULL,Closed
423,195,32,Vehicle,1736822.94,14.06,"2021-08-14 18:04:04","2026-04-14 18:04:04",42469.37,1736822.94,NULL,Approved
424,206,3,Education,208155.78,6.82,"2023-08-20 15:39:23","2029-05-20 15:39:23",3655.28,208155.78,NULL,Pending
425,286,11,Home,3897785.91,7.71,"2021-10-26 05:39:32","2040-06-26 05:39:32",32874.31,3897785.91,NULL,Defaulted
426,217,38,Vehicle,591616.67,13.51,"2025-08-09 22:27:27","2028-09-09 22:27:27",19639.05,591616.67,NULL,Pending
427,47,50,Home,3072237.43,14.21,"2023-08-12 23:20:46","2045-07-12 23:20:46",38103.73,3072237.43,NULL,Pending
428,45,32,Education,732656.59,14.44,"2021-11-30 14:34:59","2025-06-30 14:34:59",21925.21,732656.59,NULL,Disbursed
429,315,36,Vehicle,1008501.43,6.36,"2025-05-13 04:31:01","2029-10-13 04:31:01",21875.86,1008501.43,NULL,Closed
430,123,27,Personal,175086.93,9.44,"2024-11-26 23:12:02","2025-07-26 23:12:02",22667.71,175086.93,NULL,Defaulted
431,251,4,Other,955279.43,7.97,"2023-04-12 02:50:54","2024-12-12 02:50:54",51164.72,955279.43,NULL,Pending
432,114,37,Home,4293270.23,11.57,"2021-04-12 03:51:48","2037-07-12 03:51:48",48926.60,4293270.23,NULL,Closed
433,5,6,Vehicle,683438.91,8.84,"2021-08-11 04:19:00","2025-08-11 04:19:00",16955.53,683438.91,NULL,Approved
434,191,6,Other,820202.75,6.64,"2023-04-28 22:01:16","2028-07-28 22:01:16",15455.52,820202.75,NULL,Disbursed
435,276,30,Education,835853.18,7.73,"2022-01-02 16:55:36","2025-05-02 16:55:36",23770.82,835853.18,NULL,Disbursed
436,100,50,Other,436824.23,7.51,"2025-09-07 06:09:56","2029-10-07 06:09:56",10379.08,436824.23,NULL,Disbursed
437,286,32,Vehicle,1408949.04,7.54,"2022-09-05 22:33:02","2027-01-05 22:33:02",31846.52,1408949.04,NULL,Closed
438,197,25,Vehicle,1593813.59,9.76,"2023-04-03 13:09:02","2027-04-03 13:09:02",40239.77,1593813.59,NULL,Defaulted
439,310,30,Personal,225714.92,13.56,"2023-01-14 00:10:52","2023-07-14 00:10:52",39120.92,225714.92,NULL,Pending
440,5,43,Vehicle,210513.05,12.99,"2021-03-10 08:46:51","2025-08-10 08:46:51",5240.59,210513.05,NULL,Pending
441,132,15,Education,652014.74,12.00,"2025-04-29 12:01:39","2028-05-29 12:01:39",21169.65,652014.74,NULL,Approved
442,227,11,Personal,489577.75,12.05,"2025-06-10 09:32:32","2027-03-10 09:32:32",25974.07,489577.75,NULL,Approved
443,115,14,Personal,95322.93,6.91,"2022-08-03 22:32:53","2023-09-03 22:32:53",7631.49,95322.93,NULL,Pending
444,177,31,Vehicle,704729.65,8.17,"2025-09-09 08:29:23","2028-02-09 08:29:23",26861.30,704729.65,NULL,Closed
445,240,12,Personal,63854.02,14.49,"2024-08-20 14:09:59","2026-12-20 14:09:59",2701.31,63854.02,NULL,Closed
446,274,44,Personal,240212.44,11.63,"2023-12-27 13:29:48","2026-12-27 13:29:48",7936.11,240212.44,NULL,Closed
447,34,35,Personal,475079.34,11.41,"2025-10-15 19:51:50","2026-10-15 19:51:50",42079.21,475079.34,NULL,Defaulted
448,292,4,Home,4621940.10,13.50,"2023-03-06 16:42:28","2036-07-06 16:42:28",62418.80,4621940.10,NULL,Disbursed
449,52,3,Other,354128.15,11.38,"2021-07-23 03:58:27","2022-09-23 03:58:27",27130.75,354128.15,NULL,Disbursed
450,232,14,Education,952226.52,14.79,"2024-11-27 02:50:50","2026-01-27 02:50:50",74470.21,952226.52,NULL,Defaulted
451,63,30,Vehicle,344733.23,8.42,"2022-08-10 05:57:07","2023-12-10 05:57:07",22853.31,344733.23,NULL,Defaulted
452,235,11,Personal,431167.14,6.80,"2024-12-06 11:44:14","2028-02-06 11:44:14",12643.95,431167.14,NULL,Pending
453,56,43,Home,1140724.94,7.50,"2023-06-09 11:43:11","2036-07-09 11:43:11",11425.32,1140724.94,NULL,Pending
454,220,3,Personal,364617.51,6.34,"2024-06-08 10:04:08","2025-03-08 10:04:08",41590.79,364617.51,NULL,Closed
455,300,47,Vehicle,406189.18,10.03,"2025-06-08 00:35:56","2030-01-08 00:35:56",9242.68,406189.18,NULL,Pending
456,36,25,Other,880200.58,9.50,"2023-04-25 18:11:36","2025-06-25 18:11:36",37590.80,880200.58,NULL,Closed
457,27,20,Other,578723.99,7.26,"2025-08-13 04:40:46","2026-08-13 04:40:46",50144.50,578723.99,NULL,Pending
458,125,8,Business,2544982.79,7.90,"2021-12-26 01:50:59","2029-11-26 01:50:59",36119.37,2544982.79,NULL,Closed
459,292,28,Education,497681.24,10.49,"2021-08-21 06:34:05","2022-12-21 06:34:05",33466.59,497681.24,NULL,Defaulted
460,314,22,Education,268320.54,10.73,"2025-07-03 19:37:43","2031-03-03 19:37:43",5283.42,268320.54,NULL,Defaulted
461,283,43,Home,2087565.19,7.45,"2024-11-20 23:14:15","2044-10-20 23:14:15",16784.01,2087565.19,NULL,Closed
462,241,1,Personal,419800.61,14.24,"2022-01-05 18:23:37","2022-11-05 18:23:37",44768.43,419800.61,NULL,Pending
463,291,19,Personal,110199.36,10.28,"2023-11-06 08:22:49","2027-04-06 08:22:49",3198.76,110199.36,NULL,Pending
464,258,8,Business,4767260.26,9.80,"2025-10-27 12:21:15","2029-05-27 12:21:15",131917.32,4767260.26,NULL,Approved
465,235,12,Other,605492.97,7.60,"2023-09-11 19:38:43","2025-03-11 19:38:43",35698.61,605492.97,NULL,Defaulted
466,93,28,Home,2471704.56,10.69,"2021-09-07 13:11:14","2032-06-07 13:11:14",32309.96,2471704.56,NULL,Defaulted
467,284,29,Other,222457.73,7.31,"2025-04-19 20:49:32","2027-05-19 20:49:32",9620.09,222457.73,NULL,Disbursed
468,116,29,Other,392773.50,14.72,"2023-12-09 13:35:14","2028-10-09 13:35:14",9504.00,392773.50,NULL,Closed
469,90,44,Home,3755223.92,6.82,"2025-04-22 22:17:34","2036-01-22 22:17:34",41152.78,3755223.92,NULL,Pending
470,27,33,Vehicle,348963.10,8.44,"2022-06-21 07:26:15","2023-11-21 07:26:15",21850.89,348963.10,NULL,Pending
471,283,31,Personal,254825.98,13.23,"2021-11-16 07:55:43","2024-04-16 07:55:43",10314.50,254825.98,NULL,Pending
472,235,21,Personal,58958.18,12.72,"2025-06-05 16:55:35","2027-12-05 16:55:35",2304.60,58958.18,NULL,Disbursed
473,281,12,Education,598962.50,14.75,"2022-06-25 06:05:42","2024-01-25 06:05:42",35541.10,598962.50,NULL,Disbursed
474,271,11,Other,347826.94,13.15,"2024-05-08 07:35:57","2025-07-08 07:35:57",26934.91,347826.94,NULL,Approved
475,269,31,Education,887111.28,10.59,"2026-01-30 07:34:53","2031-07-30 07:34:53",17790.90,887111.28,NULL,Defaulted
476,164,42,Vehicle,740356.89,7.58,"2024-05-03 20:12:29","2029-03-03 20:12:29",15285.36,740356.89,NULL,Defaulted
477,290,30,Personal,237713.97,12.64,"2021-03-25 13:57:05","2022-12-25 13:57:05",12677.06,237713.97,NULL,Closed
478,80,15,Other,949182.36,12.99,"2021-06-23 11:40:55","2022-03-23 11:40:55",111254.92,949182.36,NULL,Closed
479,277,49,Education,306586.72,10.43,"2022-04-06 21:15:32","2026-06-06 21:15:32",7586.51,306586.72,NULL,Pending
480,200,49,Home,1913976.48,13.08,"2023-03-12 23:04:27","2047-12-12 23:04:27",21730.79,1913976.48,NULL,Approved
481,24,31,Personal,220133.76,13.42,"2023-10-15 08:28:13","2027-03-15 08:28:13",6723.22,220133.76,NULL,Defaulted
482,174,50,Education,789034.28,7.88,"2021-07-15 11:33:25","2026-01-15 11:33:25",17402.62,789034.28,NULL,Closed
483,103,13,Vehicle,282057.76,7.98,"2025-04-21 22:08:54","2030-02-21 22:08:54",5877.00,282057.76,NULL,Approved
484,256,48,Vehicle,1287740.26,11.02,"2025-02-08 02:51:58","2029-12-08 02:51:58",28737.15,1287740.26,NULL,Disbursed
485,129,23,Vehicle,253321.21,14.24,"2022-08-07 01:09:37","2025-07-07 01:09:37",8886.79,253321.21,NULL,Defaulted
486,230,7,Vehicle,1204069.05,10.77,"2024-08-14 13:56:00","2029-06-14 13:56:00",26720.70,1204069.05,NULL,Disbursed
487,148,41,Home,1517973.08,10.23,"2021-05-29 16:42:23","2039-09-29 16:42:23",15305.43,1517973.08,NULL,Pending
488,37,24,Home,2557650.64,10.76,"2022-03-20 02:05:13","2032-08-20 02:05:13",34109.14,2557650.64,NULL,Pending
489,79,40,Other,533451.92,9.70,"2021-12-27 07:01:12","2025-06-27 07:01:12",15029.81,533451.92,NULL,Pending
490,304,1,Home,1333230.91,8.39,"2025-10-21 00:49:06","2046-03-21 00:49:06",11387.27,1333230.91,NULL,Approved
491,99,31,Education,869251.55,11.11,"2023-05-10 00:25:04","2025-08-10 00:25:04",36533.92,869251.55,NULL,Approved
492,122,23,Home,776558.35,11.96,"2022-11-12 21:25:30","2030-05-12 21:25:30",13109.38,776558.35,NULL,Disbursed
493,110,4,Personal,430764.85,6.59,"2022-06-09 07:26:10","2025-04-09 07:26:10",13923.81,430764.85,NULL,Defaulted
494,240,19,Vehicle,1770437.30,13.85,"2025-08-04 07:10:57","2029-07-04 07:10:57",49016.74,1770437.30,NULL,Disbursed
495,144,19,Business,3628937.79,6.82,"2023-04-18 17:56:33","2027-12-18 17:56:33",75843.20,3628937.79,NULL,Pending
496,220,14,Vehicle,1440246.30,7.43,"2025-04-16 15:44:43","2029-02-16 15:44:43",36076.02,1440246.30,NULL,Closed
497,138,8,Other,131455.38,11.75,"2023-07-01 08:14:07","2024-06-01 08:14:07",12663.98,131455.38,NULL,Pending
498,66,24,Business,4509250.05,7.48,"2024-11-23 18:11:36","2027-04-23 18:11:36",170451.18,4509250.05,NULL,Closed
499,250,30,Personal,55338.33,13.18,"2024-03-30 00:58:47","2027-07-30 00:58:47",1717.00,55338.33,NULL,Approved
500,46,35,Vehicle,577581.79,14.67,"2025-11-16 16:16:17","2027-08-16 16:16:17",31352.12,577581.79,NULL,Defaulted
